/*******************************************************************************
 * Size: 15 px
 * Bpp: 2
 * Opts: --size 15 --bpp 2 --format lvgl --font /tmp/zcool_subset.ttf -r 0x20-0xFFFF --font /usr/share/fonts/truetype/dejavu/DejaVuSans.ttf --symbols ○✓ --no-prefilter --lv-font-name study_font -o /tmp/study_font_new.c
 ******************************************************************************/

#ifdef LV_LVGL_H_INCLUDE_SIMPLE
#include "lvgl.h"
#else
#include "lvgl/lvgl.h"
#endif

#ifndef STUDY_FONT
#define STUDY_FONT 1
#endif

#if STUDY_FONT

/*-----------------
 *    BITMAPS
 *----------------*/

/*Store the image of the glyphs*/
static LV_ATTRIBUTE_LARGE_CONST const uint8_t glyph_bitmap[] = {
    /* U+0020 " " */

    /* U+0021 "!" */
    0xf, 0x68, 0xe8, 0xe0, 0xb0, 0x58, 0x3c, 0xe,
    0x7, 0x7, 0xfa, 0x47, 0x80, 0xa0,

    /* U+0022 "\"" */
    0x58, 0xa6, 0xd3, 0x69, 0xa0,

    /* U+0023 "#" */
    0x9, 0xf, 0xce, 0xa, 0x4, 0xdd, 0x3e, 0x7,
    0xeb, 0x90, 0xb4, 0x1a, 0x1b, 0x41, 0xa0, 0xbf,
    0xe8, 0x16, 0x7, 0x42, 0x60, 0xb0, 0xff, 0xe0,
    0x80,

    /* U+0024 "$" */
    0xd, 0x40, 0xd4, 0xe4, 0xf, 0x7d, 0x1a, 0x68,
    0x2d, 0x34, 0xf, 0xf4, 0x1d, 0xde, 0xd, 0x8e,
    0x6, 0xfa, 0x7f, 0x21, 0xec, 0x20,

    /* U+0025 "%" */
    0xf, 0xfe, 0x2f, 0xf, 0xc9, 0x60, 0x73, 0x8d,
    0xb, 0xb7, 0x83, 0x5b, 0x61, 0xfb, 0x44, 0x3b,
    0x9f, 0x41, 0x59, 0xce, 0x16, 0x9d, 0x30, 0x70,
    0x2f, 0x81, 0x7, 0xe0,

    /* U+0026 "&" */
    0x2, 0x83, 0xf5, 0xfc, 0x85, 0x61, 0x3c, 0x13,
    0xc0, 0xf0, 0x7b, 0xe8, 0x16, 0x13, 0xe0, 0xb4,
    0x16, 0xdb, 0x40, 0xb4, 0xf, 0x83, 0x61, 0xbd,
    0x5, 0x44, 0x77, 0xc1, 0x7e, 0x81, 0xc1, 0xc8,
    0x70,

    /* U+0027 "'" */
    0x55, 0x78,

    /* U+0028 "(" */
    0xf, 0xeb, 0xa, 0xc2, 0x70, 0xd6, 0x1b, 0x83,
    0x68, 0x6c, 0x3b, 0x43, 0x58, 0x76, 0x1d, 0xe0,
    0xef, 0x7, 0x20,

    /* U+0029 ")" */
    0xe, 0xb0, 0xde, 0xd, 0xc1, 0x58, 0x4e, 0x1b,
    0x42, 0xd0, 0x38, 0x56, 0x16, 0x82, 0xc1, 0x61,
    0x21, 0x80,

    /* U+002A "*" */
    0x3, 0x84, 0xce, 0xc0, 0xfd, 0x1, 0xf8, 0x2e,
    0x38, 0x3f, 0x0,

    /* U+002B "+" */
    0xc, 0x87, 0xed, 0xf, 0xb4, 0x3e, 0xd0, 0xaf,
    0xfc, 0x13, 0xa1, 0xf6, 0x1f, 0xb0, 0xfd, 0x86,

    /* U+002C "," */
    0x10, 0x3e, 0x1f, 0x3, 0x41, 0x87, 0x80,

    /* U+002D "-" */
    0xf, 0xfa, 0xaf, 0xe0, 0x75, 0x2c, 0x0,

    /* U+002E "." */
    0xd, 0xab, 0x84,

    /* U+002F "/" */
    0x9, 0x41, 0x50, 0x2c, 0x2b, 0xb, 0x40, 0xe1,
    0x50, 0x2d, 0x3, 0x85, 0x40, 0xfc,

    /* U+0030 "0" */
    0x9, 0x41, 0xf5, 0xfc, 0x85, 0x41, 0xbc, 0x17,
    0x4, 0xe1, 0x68, 0x4e, 0x16, 0x19, 0xc0, 0xe1,
    0x9c, 0x16, 0x19, 0xc1, 0xc1, 0x9c, 0x1c, 0x19,
    0xc1, 0xfd, 0x4c, 0x32, 0xa9, 0xe0,

    /* U+0031 "1" */
    0xf, 0xe7, 0x40, 0xf9, 0x2e, 0xd3, 0x4d, 0xd,
    0x87, 0x61, 0x9c, 0x33, 0x86, 0x70, 0xd6, 0x1a,
    0xc3, 0x50,

    /* U+0032 "2" */
    0xb, 0xc1, 0xcf, 0xe0, 0xae, 0x7, 0x83, 0xf5,
    0x87, 0xde, 0xf, 0x58, 0x7a, 0xd0, 0xe7, 0x43,
    0xdc, 0x1e, 0xe0, 0xf7, 0x95, 0x4f, 0x3f, 0xea,
    0xa, 0xf, 0x0,

    /* U+0033 "3" */
    0x5, 0x48, 0x7a, 0xff, 0x21, 0xf7, 0x90, 0xf7,
    0x83, 0xcf, 0x83, 0xcf, 0x7, 0xcf, 0xd2, 0x1e,
    0x6f, 0x21, 0xf3, 0x8a, 0xe, 0xe3, 0xf4, 0xd8,
    0x66, 0xfa, 0xf, 0xfe, 0x0,

    /* U+0034 "4" */
    0x9, 0x41, 0xfd, 0xa0, 0x43, 0x9c, 0x2d, 0xd,
    0xc1, 0x68, 0x6d, 0xb, 0x42, 0xb0, 0xd8, 0x6e,
    0xd, 0x84, 0xe8, 0x4e, 0x13, 0xff, 0xd0, 0xbd,
    0x6a, 0xf, 0xac, 0x3f, 0xa8, 0x10,

    /* U+0035 "5" */
    0xb, 0xfc, 0x85, 0xcb, 0x82, 0x70, 0xfc, 0xe1,
    0xfa, 0xc3, 0xf5, 0xfa, 0x88, 0x4a, 0xa7, 0xc1,
    0xfb, 0x83, 0xf6, 0x7a, 0x42, 0xb1, 0xbf, 0x5a,
    0x1c, 0xd3, 0x0,

    /* U+0036 "6" */
    0xc, 0xa0, 0xfe, 0xe0, 0xfc, 0xe1, 0xfd, 0xc1,
    0xf9, 0xc3, 0xfb, 0x88, 0x3c, 0xe0, 0xf9, 0xb,
    0x82, 0x6f, 0xe, 0x1e, 0xf0, 0xf2, 0x15, 0x84,
    0xde, 0xa6, 0x87, 0xaf, 0x21, 0xff, 0xc2,

    /* U+0037 "7" */
    0x14, 0x1f, 0x7f, 0xc8, 0x4a, 0xa7, 0x7, 0x9c,
    0x3e, 0xa0, 0x7d, 0x87, 0xd6, 0x1f, 0x68, 0x79,
    0xc3, 0xee, 0xf, 0x38, 0x7c, 0xc1, 0x80,

    /* U+0038 "8" */
    0xe, 0xa0, 0x7a, 0xfa, 0x9, 0xf2, 0xe, 0xb,
    0xc1, 0x70, 0x6f, 0x3e, 0xf, 0x5c, 0x1f, 0x7c,
    0x87, 0x78, 0xb4, 0x2f, 0x4, 0xf1, 0xe0, 0xef,
    0x3f, 0x4d, 0xc1, 0x37, 0xc8, 0x7f, 0xf0, 0x0,

    /* U+0039 "9" */
    0x3, 0x21, 0xef, 0xf2, 0x58, 0x1b, 0xce, 0x1d,
    0xbe, 0xc, 0xe3, 0xe8, 0x1c, 0x13, 0xe7, 0xf,
    0xac, 0x3e, 0xd0, 0xf5, 0x87, 0xda, 0x1e, 0x70,
    0xff, 0xe0, 0x80,

    /* U+003A ":" */
    0x35, 0x70, 0x87, 0xe9, 0x5c, 0x28,

    /* U+003B ";" */
    0x38, 0x7c, 0x12, 0x1f, 0xef, 0xf, 0x81, 0x40,
    0x61, 0xe0,

    /* U+003C "<" */
    0xf, 0xf9, 0xc2, 0x7c, 0x82, 0xe0, 0xae, 0xe,
    0xbc, 0x87, 0x3e, 0xf, 0x20,

    /* U+003D "=" */
    0xf, 0xf7, 0xfd, 0x7, 0xff, 0x19, 0xff, 0xc1,
    0xfc,

    /* U+003E ">" */
    0x10, 0xf7, 0xa0, 0xe7, 0xd0, 0x75, 0xc1, 0x7a,
    0x5, 0xc1, 0x3a, 0x1f, 0xf0,

    /* U+003F "?" */
    0xf, 0xfe, 0x5, 0xe4, 0x27, 0xd7, 0x82, 0xf0,
    0x5e, 0x2, 0x1a, 0xc3, 0xde, 0x43, 0xbc, 0x1f,
    0x68, 0x7d, 0xa1, 0xf6, 0x87, 0xff, 0x12, 0x43,
    0xcf, 0x7, 0xc8, 0x60,

    /* U+0040 "@" */
    0xc, 0xa0, 0xfd, 0x7f, 0x21, 0x78, 0x26, 0xc1,
    0xe2, 0x44, 0xc1, 0x8f, 0xe3, 0x4c, 0xe1, 0xcd,
    0x37, 0x5, 0xbc, 0x6f, 0xfa, 0x6, 0x94, 0x75,
    0x2, 0xfa, 0x6f, 0x6, 0x69, 0xc8, 0x0,

    /* U+0041 "A" */
    0xe, 0xb0, 0xff, 0x79, 0xf, 0xd7, 0x61, 0xfb,
    0x8d, 0xf, 0x38, 0x3c, 0x1e, 0xe0, 0x3a, 0x19,
    0xd0, 0xb8, 0x35, 0xd3, 0x1c, 0x37, 0xe8, 0x1c,
    0xb, 0xf, 0x58, 0x38, 0x3e, 0x87, 0xf, 0xfe,
    0x50,

    /* U+0042 "B" */
    0x3f, 0xfa, 0x39, 0x7a, 0xe3, 0x43, 0xbc, 0xd,
    0xd, 0x61, 0x68, 0x4e, 0x85, 0xa1, 0x70, 0x6d,
    0xb, 0xc1, 0xb4, 0x37, 0x5, 0xa1, 0x9d, 0x6,
    0x84, 0xaf, 0x3, 0xff, 0x81, 0x59, 0x41, 0x80,

    /* U+0043 "C" */
    0x2, 0xc1, 0xf3, 0xfe, 0xa0, 0x1c, 0xd, 0x3c,
    0x7, 0xf, 0xeb, 0xf, 0xea, 0x7, 0xf7, 0x7,
    0xf7, 0x7, 0xf6, 0x87, 0xf6, 0x87, 0x2c, 0x74,
    0xff, 0x47, 0xd4, 0x58, 0x3f, 0xf8, 0x20,

    /* U+0044 "D" */
    0x2, 0x1f, 0xcf, 0xd2, 0x1d, 0x6d, 0xfa, 0x5,
    0x86, 0x6d, 0x28, 0x1e, 0xe3, 0x83, 0xdc, 0x70,
    0x7b, 0x8d, 0xf, 0x71, 0xa1, 0xee, 0x34, 0x6f,
    0xc9, 0xfe, 0x90, 0xba, 0x21, 0xe0,

    /* U+0045 "E" */
    0x1f, 0xfa, 0x5, 0xd7, 0x90, 0x50, 0x3f, 0xa8,
    0x1f, 0xde, 0xaf, 0x5, 0xff, 0x82, 0xd0, 0xfe,
    0xd0, 0xfe, 0xd0, 0xfe, 0xe6, 0xaf, 0x81, 0xff,
    0x50, 0x3f, 0xf8, 0x0,

    /* U+0046 "F" */
    0x1f, 0xfa, 0x2e, 0xbc, 0x94, 0xf, 0xd4, 0xf,
    0xdc, 0x1f, 0xbf, 0xf0, 0x3a, 0xf8, 0x1a, 0x1f,
    0xb4, 0x3f, 0x68, 0x7e, 0xc3, 0xff, 0x8c,

    /* U+0047 "G" */
    0x1f, 0xfc, 0x97, 0x5f, 0x2, 0x81, 0xfd, 0x40,
    0xfe, 0xe0, 0xfe, 0xe0, 0xfe, 0xd0, 0x7f, 0x26,
    0x82, 0xb7, 0x1a, 0x1e, 0xe3, 0x43, 0xd4, 0x3a,
    0xfb, 0xc7, 0xff, 0x40,

    /* U+0048 "H" */
    0x2c, 0x3d, 0xa5, 0x87, 0xb4, 0xb0, 0xf6, 0x94,
    0xf, 0x69, 0x6a, 0xa7, 0xc9, 0xff, 0xc9, 0xc8,
    0x76, 0x9c, 0x1e, 0xd3, 0x83, 0xda, 0x68, 0x7b,
    0x4d, 0xf, 0x69, 0xa1, 0xed,

    /* U+0049 "I" */
    0x2c, 0xb2, 0xcb, 0x28, 0x71, 0xc7, 0x1c, 0x69,
    0xa6, 0x80,

    /* U+004A "J" */
    0x1f, 0xe4, 0xd, 0xd1, 0xd, 0xa1, 0xed, 0xf,
    0x68, 0x7b, 0x43, 0xda, 0x1e, 0xd0, 0xf6, 0x84,
    0xde, 0x40, 0xfa, 0x43, 0xfe,

    /* U+004B "K" */
    0x3, 0x7, 0xea, 0x7, 0xee, 0xc, 0x85, 0xa1,
    0x78, 0x2d, 0x7, 0x90, 0xb1, 0xf0, 0x67, 0x3c,
    0x1c, 0xe7, 0x83, 0xac, 0x1e, 0xd, 0x40, 0xbc,
    0x17, 0x4, 0xf0, 0x34, 0x33, 0x7, 0xfc,

    /* U+004C "L" */
    0x2, 0x1f, 0xb4, 0x3e, 0xd0, 0xf3, 0x87, 0xce,
    0x1f, 0x38, 0x7d, 0x61, 0xf5, 0x87, 0xdc, 0x1f,
    0x70, 0x7d, 0xd7, 0x92, 0xff, 0x40,

    /* U+004D "M" */
    0x2, 0x83, 0xa0, 0xef, 0x6, 0x78, 0x37, 0xa0,
    0xbe, 0xd, 0xf0, 0x2e, 0xc2, 0x77, 0x4e, 0x70,
    0x9c, 0xbb, 0x6, 0x82, 0xc1, 0xe4, 0x1a, 0xe,
    0x7, 0x82, 0xe0, 0x68, 0x7d, 0x60, 0xd0, 0xfa,
    0xc1, 0x87, 0xe7, 0x0,

    /* U+004E "N" */
    0xf, 0xfe, 0xe, 0x87, 0x70, 0xf8, 0x3b, 0x87,
    0xe0, 0xdc, 0x59, 0xc1, 0x71, 0x41, 0xd0, 0x71,
    0xc0, 0xb0, 0x71, 0xa1, 0x78, 0xe3, 0x43, 0x77,
    0x1a, 0x19, 0xf4, 0xe1, 0xeb, 0x88, 0x3e, 0x80,

    /* U+004F "O" */
    0xf, 0xc8, 0x54, 0xfe, 0x87, 0xd4, 0x57, 0x16,
    0x1d, 0x42, 0xc3, 0xa8, 0x50, 0x3a, 0xce, 0xe,
    0xb3, 0x83, 0xac, 0xe0, 0xeb, 0x34, 0x3a, 0xce,
    0xbe, 0xcf, 0xfd, 0x0,

    /* U+0050 "P" */
    0x1f, 0xfc, 0xb, 0x5e, 0xb4, 0xa0, 0x7b, 0x4a,
    0x7, 0xb8, 0xe0, 0xf7, 0x1c, 0x1e, 0xe3, 0x7f,
    0xe8, 0xd1, 0x7c, 0xd, 0xf, 0xed, 0xf, 0xec,
    0x3f, 0xd8, 0x7f, 0x0,

    /* U+0051 "Q" */
    0xf, 0x2c, 0x1d, 0xff, 0x82, 0x79, 0x40, 0xb0,
    0xac, 0x39, 0xc2, 0xb0, 0xe7, 0xa, 0x81, 0xce,
    0x17, 0x7, 0x38, 0x5c, 0x12, 0x38, 0x5c, 0x17,
    0x9c, 0x2d, 0x9, 0xf8, 0x2f, 0xfe, 0x80, 0xd1,
    0x60, 0x30, 0x7f, 0xf0, 0x40,

    /* U+0052 "R" */
    0x1f, 0xfc, 0xb, 0xaf, 0x69, 0x61, 0xed, 0x28,
    0x1e, 0xe2, 0x81, 0xee, 0x38, 0xfa, 0x9e, 0x38,
    0xa7, 0xe8, 0xe0, 0xce, 0x83, 0x83, 0xb8, 0x1a,
    0x1d, 0x60, 0xd0, 0xf7, 0x1a, 0x1e, 0xa0, 0x7f,
    0xc0,

    /* U+0053 "S" */
    0x4, 0xa0, 0xfa, 0xff, 0xc0, 0xa0, 0x16, 0xa0,
    0x38, 0x3f, 0xb8, 0x3f, 0xb9, 0xa7, 0xc8, 0x3f,
    0xa9, 0xe0, 0xfe, 0x70, 0xff, 0x68, 0x7f, 0x69,
    0x4f, 0xf9, 0x3e, 0xa2, 0xc0,

    /* U+0054 "T" */
    0xff, 0xf9, 0xae, 0xf5, 0x60, 0xf6, 0x87, 0xfb,
    0x43, 0xfd, 0xa1, 0xfe, 0xd0, 0xff, 0x61, 0xff,
    0x61, 0xfe, 0x70, 0xff, 0x38, 0x7f, 0x9c, 0x3f,
    0xce, 0x1e,

    /* U+0055 "U" */
    0xf, 0xe4, 0x1a, 0x1e, 0xc1, 0xa1, 0xce, 0xd,
    0xe, 0x70, 0x68, 0x73, 0x83, 0x43, 0xac, 0x1a,
    0x1d, 0x60, 0xe0, 0xeb, 0x7, 0x7, 0x70, 0x38,
    0x3b, 0x81, 0xfe, 0xb8, 0x26, 0xb7, 0x80,

    /* U+0056 "V" */
    0xf, 0xfe, 0x3b, 0x87, 0xf7, 0x16, 0x1c, 0xe8,
    0xe1, 0xd6, 0x17, 0x6, 0xd0, 0x9c, 0x2b, 0xe,
    0xe0, 0x70, 0x73, 0x96, 0x1f, 0x77, 0x7, 0xcf,
    0x83, 0xfb, 0x83, 0x80,

    /* U+0057 "W" */
    0x43, 0xfc, 0x9c, 0x17, 0x5, 0x65, 0x85, 0xe0,
    0xb8, 0x70, 0x5e, 0x47, 0x41, 0xa7, 0x71, 0x61,
    0x71, 0xb6, 0x70, 0x56, 0xe3, 0xb8, 0x67, 0xe0,
    0x7c, 0x1d, 0xe8, 0x1e, 0x83, 0xbc, 0x13, 0x87,
    0xac, 0x3f, 0x80,

    /* U+0058 "X" */
    0xf, 0xfe, 0xc, 0x1e, 0xe1, 0xe0, 0xde, 0xa,
    0xd0, 0x78, 0x3a, 0xdf, 0x7, 0xd7, 0x90, 0xfa,
    0xf0, 0x7d, 0x6f, 0x83, 0xad, 0x7, 0x82, 0xb4,
    0x37, 0xe, 0x87, 0x3c, 0x21, 0xf2, 0x0,

    /* U+0059 "Y" */
    0xf, 0xfe, 0x5, 0x87, 0xe4, 0x1c, 0x1c, 0xf8,
    0xf, 0x4, 0xf8, 0x33, 0xa3, 0xc1, 0xe8, 0x78,
    0x3f, 0x3c, 0x1f, 0xd6, 0x1f, 0xeb, 0xf, 0xf5,
    0x87, 0xfa, 0x81, 0xfe, 0xa0, 0x7f, 0xa8, 0x1e,

    /* U+005A "Z" */
    0x14, 0x1f, 0xdf, 0xf8, 0x39, 0x54, 0xf2, 0x1f,
    0xb8, 0x3f, 0x78, 0x3f, 0x78, 0x3f, 0x78, 0x3f,
    0x58, 0x7e, 0xb4, 0x3e, 0xb4, 0x25, 0xef, 0xfe,
    0x8e, 0xa5, 0x6,

    /* U+005B "[" */
    0xf, 0xb8, 0xe, 0x13, 0x5, 0x40, 0xa8, 0x15,
    0x2, 0x90, 0xb4, 0x2d, 0xb, 0x42, 0xd0, 0x9f,
    0x6, 0x80,

    /* U+005C "\\" */
    0x20, 0xed, 0xc, 0xe1, 0xd8, 0x75, 0x3, 0x38,
    0x76, 0x86, 0xb0, 0xec, 0x3a, 0x43, 0xc0,

    /* U+005D "]" */
    0xc, 0xf0, 0x5e, 0x3, 0x81, 0xc0, 0xe0, 0xa0,
    0x28, 0xa, 0x2, 0x41, 0xa0, 0xd2, 0xd1, 0x40,

    /* U+005E "^" */
    0xb, 0xc1, 0x9f, 0x21, 0x6f, 0x2, 0xc7, 0x1c,
    0x2d, 0xf, 0x80,

    /* U+005F "_" */
    0xf, 0xcf, 0xf9, 0x17, 0xc0,

    /* U+0060 "`" */
    0xf, 0x70, 0x6b, 0x83, 0x80,

    /* U+0061 "a" */
    0xf, 0x30, 0x73, 0x7e, 0xd, 0x7a, 0x4d, 0xf,
    0xed, 0xc, 0xd6, 0xe0, 0x9f, 0xf4, 0x15, 0x86,
    0xb0, 0xb8, 0x69, 0xe0, 0xbf, 0xd7, 0x80, 0xc8,
    0x7c,

    /* U+0062 "b" */
    0x28, 0x1e, 0xe0, 0xf7, 0x7, 0xbf, 0xc9, 0xca,
    0xb8, 0xd0, 0xb8, 0xd0, 0xb4, 0xd0, 0x3a, 0x7f,
    0x81, 0xe9, 0x8,

    /* U+0063 "c" */
    0x5, 0x10, 0xd7, 0xf0, 0x28, 0x5, 0x3, 0x83,
    0xdc, 0x1e, 0xd0, 0xf6, 0x84, 0x83, 0xfc, 0x95,
    0x28, 0x0,

    /* U+0064 "d" */
    0xf, 0x58, 0x7c, 0xe1, 0xf3, 0x81, 0xf5, 0x58,
    0x2e, 0xfc, 0xe, 0x9, 0xc1, 0xa1, 0xb4, 0xd0,
    0x9d, 0x3f, 0xe0, 0x7a, 0x8a, 0x0,

    /* U+0065 "e" */
    0x9, 0x70, 0x4f, 0xf2, 0xb, 0xa, 0xc1, 0xc0,
    0x6d, 0x3b, 0xf4, 0xd, 0x60, 0xed, 0xf, 0xbf,
    0x48, 0x65, 0x5e, 0xf, 0xf8,

    /* U+0066 "f" */
    0xf, 0xfa, 0xc3, 0x7a, 0xd, 0xa1, 0xda, 0x1d,
    0xa1, 0xda, 0xa, 0xb9, 0x2f, 0xf0, 0x1c, 0x39,
    0xc3, 0x9c, 0x20,

    /* U+0067 "g" */
    0x4, 0xa0, 0xd7, 0xf0, 0x38, 0x16, 0xd, 0x3,
    0x83, 0x55, 0xe1, 0xff, 0x2, 0x50, 0x30, 0xfb,
    0x43, 0x9d, 0x2f, 0xe0, 0x51, 0x41, 0x0,

    /* U+0068 "h" */
    0x2, 0x1f, 0x70, 0x7b, 0x43, 0xda, 0x1e, 0xc3,
    0xcf, 0x7c, 0xb, 0xd4, 0xd2, 0xc2, 0xd3, 0x82,
    0xe3, 0x42, 0xe3, 0x42, 0xe3, 0xd, 0x40,

    /* U+0069 "i" */
    0x14, 0x58, 0x65, 0x16, 0x71, 0xc6, 0x9a, 0x60,

    /* U+006A "j" */
    0x2, 0x1b, 0x82, 0x90, 0xff, 0xe0, 0xf0, 0x56,
    0x15, 0x84, 0xe1, 0x38, 0x4e, 0x7, 0xc0, 0xe0,
    0xf8,

    /* U+006B "k" */
    0xf, 0xf9, 0xc3, 0xeb, 0xf, 0xb8, 0x3e, 0xd0,
    0x21, 0xb4, 0x74, 0xe, 0x3c, 0x15, 0x9c, 0x1b,
    0x9e, 0xd, 0xa3, 0xc1, 0x61, 0x3c, 0x8, 0x33,
    0x87, 0xf8,

    /* U+006C "l" */
    0x4, 0x16, 0x8e, 0x7, 0x5, 0x82, 0xc1, 0xc0,
    0xe0, 0x68, 0x30, 0xf0,

    /* U+006D "m" */
    0x2, 0x1c, 0x82, 0xfa, 0xfa, 0x3d, 0x7c, 0xf1,
    0xc3, 0x83, 0x8d, 0x1c, 0x14, 0x34, 0x70, 0x59,
    0xa3, 0x82, 0xcc, 0x2c, 0x16, 0x1f, 0xe0,

    /* U+006E "n" */
    0xf, 0xf3, 0x4f, 0x1, 0xfa, 0xd2, 0xc2, 0xd3,
    0x82, 0xe3, 0x42, 0xe3, 0x42, 0xe2, 0xd, 0xc0,

    /* U+006F "o" */
    0x5, 0x70, 0x2f, 0xe8, 0xe0, 0xa8, 0x70, 0x54,
    0x34, 0x2a, 0x1a, 0x15, 0x9d, 0x6f, 0x1f, 0xe8,

    /* U+0070 "p" */
    0xf, 0xeb, 0xd2, 0x81, 0xeb, 0xe4, 0xe0, 0xb4,
    0xe0, 0xb8, 0xd0, 0xa8, 0x6a, 0xbd, 0x1b, 0xe9,
    0x6, 0x87, 0xb0, 0xfb, 0xf, 0x0,

    /* U+0071 "q" */
    0xe, 0x60, 0x5f, 0xd1, 0xca, 0x28, 0x61, 0xb8,
    0xd0, 0xb8, 0xe5, 0x1a, 0x5f, 0x1a, 0x1e, 0xd0,
    0xf6, 0x87, 0xb0,

    /* U+0072 "r" */
    0x10, 0xf6, 0x96, 0xf, 0xd0, 0x3d, 0x6, 0xd0,
    0xed, 0xe, 0xd0, 0xee, 0xe, 0xe0, 0xc0,

    /* U+0073 "s" */
    0x1a, 0x7a, 0x7, 0xd4, 0x41, 0xa1, 0xee, 0xf,
    0x7f, 0x41, 0x95, 0x70, 0x75, 0x83, 0x95, 0xc0,
    0xbf, 0x7, 0xf8,

    /* U+0074 "t" */
    0xc, 0x87, 0xce, 0x19, 0xab, 0xf2, 0xbf, 0x54,
    0x85, 0x61, 0xf5, 0x87, 0xd4, 0xf, 0xb8, 0x3e,
    0xbd, 0x7, 0x9b, 0x43, 0xfc,

    /* U+0075 "u" */
    0xf, 0xf7, 0x5, 0x60, 0xe0, 0xac, 0x1c, 0x15,
    0x1, 0xa1, 0x70, 0x34, 0x2e, 0x7, 0x4f, 0xc0,
    0xfa, 0xae, 0xf, 0xe0,

    /* U+0076 "v" */
    0xf, 0xe7, 0xf, 0x9c, 0x33, 0x83, 0x42, 0xf0,
    0x38, 0x16, 0x15, 0x8e, 0x86, 0xdf, 0x7, 0x7c,
    0x1e, 0xb4, 0x3e, 0x43, 0x80,

    /* U+0077 "w" */
    0x10, 0xff, 0x58, 0x50, 0x4e, 0xd, 0x1e, 0x7,
    0x3, 0x8f, 0x87, 0x9, 0xcd, 0xde, 0xd, 0xf1,
    0x79, 0xd, 0xe8, 0x7c, 0x1c, 0xe1, 0x28, 0x20,

    /* U+0078 "x" */
    0xf, 0xfe, 0x2e, 0x15, 0xa0, 0xf0, 0x6f, 0x5e,
    0xf, 0x5e, 0xf, 0xbf, 0x7, 0x78, 0x7c, 0x17,
    0x83, 0x78, 0xb0, 0xf4, 0x1f, 0xf0,

    /* U+0079 "y" */
    0xf, 0x20, 0x42, 0x76, 0xc2, 0xf0, 0x3c, 0x78,
    0x37, 0xc8, 0x6b, 0x43, 0xb8, 0x3b, 0xc1, 0xd6,
    0x1f, 0x21, 0xe0,

    /* U+007A "z" */
    0x10, 0xfb, 0xfa, 0x9, 0x57, 0x90, 0xee, 0xe,
    0xf0, 0x75, 0x87, 0x5a, 0x19, 0xe0, 0xef, 0xf4,
    0x56, 0x50,

    /* U+007B "{" */
    0xf, 0xcf, 0x5, 0x40, 0xd4, 0xd, 0x40, 0x9d,
    0x3, 0xe0, 0xd6, 0x86, 0xd0, 0xda, 0x1b, 0xe,
    0xd0, 0xd7, 0x83, 0xa0,

    /* U+007C "|" */
    0x18, 0xb2, 0xcb, 0x28, 0x50, 0xe3, 0x8e, 0x38,
    0xe3, 0x4d, 0x34,

    /* U+007D "}" */
    0xf, 0x50, 0x27, 0x42, 0x90, 0xa4, 0x29, 0x9,
    0xc2, 0x74, 0x1a, 0x16, 0x85, 0xa1, 0x48, 0x3c,
    0x82, 0x8,

    /* U+007E "~" */
    0x9, 0xf, 0xaf, 0xa5, 0x69, 0xa3, 0x79, 0xf,
    0xf8,

    /* U+00B7 "·" */
    0x10, 0x3e, 0x2f, 0x1, 0x40,

    /* U+2026 "…" */
    0x34, 0xe, 0x82, 0x83, 0xc0, 0xb4, 0x1e, 0x2,
    0x19, 0xc, 0x80,

    /* U+25CB "○" */
    0xc, 0xdc, 0x87, 0xdc, 0x15, 0x87, 0x61, 0xf6,
    0x14, 0x87, 0xcc, 0xc, 0x3f, 0xb0, 0x41, 0xfd,
    0x2, 0xf, 0xe8, 0x18, 0x7f, 0x60, 0x90, 0xf9,
    0x82, 0xc3, 0xec, 0x3b, 0x82, 0xb0, 0xf9, 0xb9,
    0xc,

    /* U+2713 "✓" */
    0xf, 0xfe, 0x1f, 0x7, 0xbc, 0x1e, 0xb0, 0xf3,
    0xa1, 0x93, 0x83, 0x5d, 0x87, 0x3e, 0xf, 0xa4,
    0x3c,

    /* U+3001 "、" */
    0xd, 0x61, 0x78, 0xe, 0x86,

    /* U+3002 "。" */
    0xe, 0xbe, 0x68, 0x6a, 0xf8, 0xd, 0x0,

    /* U+4E00 "一" */
    0xf, 0xcb, 0xaf, 0xff, 0x56, 0x5c, 0x1c,

    /* U+4E03 "七" */
    0xf, 0xfe, 0x36, 0x87, 0xfd, 0xa1, 0xfe, 0x70,
    0xff, 0x9c, 0x5a, 0xa3, 0xff, 0xe8, 0xa3, 0xe0,
    0xff, 0xb8, 0x3f, 0xed, 0xf, 0xfb, 0x43, 0xfe,
    0xf4, 0xa0, 0xfc, 0xdf, 0xa0, 0xff, 0x90, 0x80,

    /* U+4E09 "三" */
    0x2, 0xe0, 0xfe, 0xff, 0xe8, 0x3f, 0x2f, 0x7,
    0xff, 0x15, 0x75, 0x48, 0x77, 0xfc, 0x87, 0xff,
    0x69, 0x63, 0xff, 0xf8, 0x5, 0x4b, 0x83, 0x80,

    /* U+4E0A "上" */
    0xf, 0xfe, 0x3b, 0x87, 0xff, 0x1, 0xc3, 0xff,
    0x80, 0xe1, 0xff, 0xc1, 0xe9, 0xe4, 0x3f, 0x7d,
    0x21, 0xfd, 0xa1, 0xff, 0xc0, 0xd0, 0xff, 0xe0,
    0x68, 0x7f, 0xf0, 0x34, 0x3f, 0xf8, 0x1c, 0xbc,
    0xf, 0xff, 0xe0, 0x1, 0x41, 0xff, 0x0,

    /* U+4E0B "下" */
    0xf, 0xfe, 0x1f, 0xff, 0xf0, 0x1, 0x59, 0xe5,
    0xe0, 0xfb, 0x43, 0xff, 0x81, 0xa1, 0xff, 0xc0,
    0xdb, 0xf, 0xf6, 0xf, 0x7, 0xe7, 0xb, 0xc1,
    0xf3, 0x86, 0x83, 0xe7, 0xf, 0xfe, 0x3, 0x87,
    0xff, 0x2, 0xc3, 0xff, 0x82, 0x87, 0xc0,

    /* U+4E0D "不" */
    0xf, 0xcb, 0xc0, 0xff, 0xfa, 0x2, 0xc0, 0xb8,
    0x3f, 0xcf, 0x83, 0xfe, 0xf0, 0x7f, 0xde, 0xb0,
    0xfe, 0xf1, 0x68, 0x7d, 0xe0, 0x5f, 0x48, 0x5e,
    0x41, 0x41, 0xf8, 0x1a, 0x17, 0x6, 0x43, 0xee,
    0xf, 0xfe, 0x7, 0x7, 0xff, 0x3, 0x43, 0xff,
    0x90,

    /* U+4E13 "专" */
    0xf, 0xfe, 0x3d, 0x3, 0xea, 0x2b, 0x83, 0xeb,
    0xff, 0x21, 0xee, 0x15, 0x4, 0xa2, 0xc3, 0xf7,
    0xff, 0xf0, 0x2, 0xb0, 0x2f, 0x82, 0xf2, 0xf8,
    0x3b, 0xff, 0x7, 0xf9, 0xe0, 0xf7, 0x9b, 0x83,
    0xe7, 0xf0, 0x7f, 0xd6, 0x1f, 0xfc, 0x50,

    /* U+4E16 "世" */
    0xf, 0xfe, 0x25, 0x1, 0x82, 0x81, 0xdc, 0xc,
    0x14, 0xe, 0xe5, 0x74, 0xfc, 0xf, 0xfa, 0xf2,
    0x13, 0xc0, 0xd1, 0xc3, 0xb4, 0x1a, 0x38, 0x76,
    0x83, 0x47, 0xe, 0xd0, 0x7f, 0x7, 0x68, 0x4b,
    0x7, 0xb9, 0x70, 0x7e, 0xff, 0xf2, 0x1f, 0xf2,
    0x80,

    /* U+4E2A "个" */
    0xf, 0xa0, 0xff, 0xe0, 0x78, 0x3f, 0xef, 0x41,
    0xfe, 0xf5, 0xe4, 0x3e, 0xf0, 0x57, 0x83, 0x3e,
    0x2, 0x87, 0xd0, 0x38, 0x2e, 0x9, 0xc0, 0x86,
    0xe0, 0xff, 0xe0, 0x68, 0x7f, 0xf0, 0x34, 0x3f,
    0xf8, 0x1a, 0x1f, 0xfc, 0xc, 0x3f, 0xf8, 0xe,
    0x1f, 0x0,

    /* U+4E2D "中" */
    0xe, 0x70, 0xff, 0x9c, 0x3f, 0xe7, 0xf, 0x3f,
    0xff, 0x16, 0xb5, 0xad, 0x63, 0x84, 0xe1, 0x70,
    0xe1, 0x38, 0x5a, 0xd, 0x3, 0x8d, 0x85, 0xeb,
    0xfd, 0x4, 0xfa, 0xf2, 0x1f, 0xe7, 0xf, 0xf9,
    0xc3, 0xfe, 0x70, 0xf0,

    /* U+4E3A "为" */
    0xf, 0x21, 0xeb, 0xb, 0x43, 0xda, 0x58, 0x7c,
    0x8f, 0x2e, 0x3f, 0xfe, 0x96, 0xb4, 0x37, 0x5,
    0xe0, 0xed, 0x3, 0x83, 0x41, 0xa0, 0xe0, 0x58,
    0xe0, 0x70, 0xda, 0xb0, 0x70, 0x7a, 0xc7, 0xe,
    0xa7, 0xa, 0xe, 0xbc, 0x80,

    /* U+4E3B "主" */
    0xf, 0x41, 0xff, 0xc0, 0x74, 0x3e, 0xff, 0xf9,
    0x9, 0x77, 0x97, 0x83, 0xea, 0x7, 0xff, 0x3,
    0x83, 0xf3, 0x57, 0x96, 0xe, 0xbf, 0xf2, 0x1f,
    0xb4, 0x3f, 0xf8, 0x1a, 0x1f, 0xfc, 0xd, 0xf,
    0xf2, 0xba, 0xec, 0x7f, 0xfd, 0x40, 0x28, 0x3f,
    0xe0,

    /* U+4E49 "义" */
    0xf, 0xfe, 0x37, 0x6, 0xe1, 0xc1, 0x61, 0x78,
    0x2f, 0x3, 0x4f, 0x7, 0x78, 0x2f, 0x7, 0xde,
    0x7c, 0x1f, 0xdf, 0x7, 0xfb, 0xe0, 0xfe, 0xf3,
    0xe0, 0xfb, 0xc1, 0x78, 0x3b, 0xc1, 0xde, 0xa,
    0xc3, 0xef, 0x1, 0x41, 0xf9, 0x0,

    /* U+4E5F "也" */
    0xf, 0xfe, 0x24, 0x8e, 0x1f, 0xb4, 0x70, 0x28,
    0x27, 0xa7, 0xfa, 0x3f, 0xe4, 0x1c, 0x36, 0x7,
    0xb, 0x40, 0xe1, 0x61, 0x68, 0x1c, 0x2c, 0x1e,
    0xa, 0xc2, 0xd2, 0xd, 0x61, 0x21, 0xf5, 0x87,
    0xcc, 0xb, 0xf, 0xa8, 0xb, 0xff, 0x90, 0xe5,
    0xea, 0x0,

    /* U+4E60 "习" */
    0x10, 0xff, 0x5f, 0xfe, 0xf, 0xcb, 0x68, 0x24,
    0x3d, 0xa0, 0xbc, 0x86, 0xd0, 0xd6, 0x1b, 0xf,
    0xf3, 0x87, 0x9e, 0x1c, 0x3b, 0xd0, 0x1c, 0x2b,
    0xc8, 0x4e, 0xf, 0x21, 0xce, 0x8, 0x35, 0xf8,
    0x3f, 0x2c, 0x0,

    /* U+4E66 "书" */
    0xf, 0xf4, 0x1f, 0xac, 0x2e, 0xc, 0xb7, 0x82,
    0x74, 0xf, 0xff, 0x21, 0xf7, 0x2d, 0xa1, 0xf6,
    0x85, 0x87, 0xed, 0x3, 0xa0, 0x7f, 0xff, 0x80,
    0x9, 0x56, 0xa0, 0xac, 0x39, 0xc3, 0xb8, 0x3a,
    0xc2, 0xa6, 0x87, 0x58, 0x57, 0x83, 0xcc, 0x1f,
    0x80,

    /* U+4E86 "了" */
    0xf, 0xfe, 0xf, 0xff, 0x40, 0x5f, 0xaf, 0x7,
    0xf7, 0x83, 0xfb, 0xc1, 0xfd, 0x61, 0xfe, 0xd0,
    0xff, 0x68, 0x7f, 0xb8, 0x3f, 0xd4, 0xf, 0xf5,
    0x87, 0xcd, 0x3c, 0x1f, 0x7a, 0x88, 0x60,

    /* U+4E8B "事" */
    0xf, 0xfe, 0x3e, 0x87, 0xbf, 0xfe, 0x5, 0x77,
    0xaa, 0x42, 0xff, 0xe8, 0x2f, 0x53, 0xd4, 0xe0,
    0x9f, 0xfc, 0x1b, 0xff, 0xa0, 0xab, 0x79, 0x5e,
    0x7, 0xff, 0xf0, 0x6, 0x5b, 0xca, 0xf2, 0x3f,
    0xfd, 0x6, 0x57, 0xcb, 0x7, 0xdc, 0x1f, 0xfc,
    0x70,

    /* U+4E8C "二" */
    0xf, 0xfe, 0x3b, 0x70, 0x7a, 0xfd, 0x21, 0xea,
    0x21, 0xff, 0xf1, 0x5a, 0x9f, 0xe3, 0xfa, 0xa5,
    0x83, 0xff, 0x84,

    /* U+4E8E "于" */
    0xf, 0xfe, 0x25, 0xff, 0xc1, 0xcb, 0x79, 0x70,
    0x7e, 0xa0, 0x7f, 0xf0, 0x2c, 0x3f, 0xf8, 0x16,
    0x12, 0x80, 0xd5, 0xff, 0x81, 0xf5, 0x5a, 0x83,
    0xfe, 0xd0, 0xff, 0xe0, 0x68, 0x7f, 0xf0, 0x38,
    0x3f, 0x9b, 0xc8, 0x7f, 0x51, 0xf, 0xfe, 0x48,

    /* U+4E9B "些" */
    0x9, 0xc2, 0x90, 0xf9, 0xc2, 0xe0, 0xf9, 0xd0,
    0x73, 0xa0, 0x87, 0xc9, 0xf4, 0x16, 0xac, 0x2e,
    0xe, 0xd5, 0x81, 0xc3, 0xdd, 0x3e, 0x7a, 0x28,
    0x17, 0xa8, 0x94, 0xf8, 0x39, 0x75, 0x10, 0xf3,
    0xfe, 0x83, 0xff, 0x80, 0xb0, 0x6b, 0xff, 0x90,
    0xaa, 0x58, 0x3c,

    /* U+4EAE "亮" */
    0xf, 0x48, 0x79, 0x7b, 0xd5, 0x60, 0xff, 0xea,
    0x6, 0xad, 0xf8, 0x35, 0xd4, 0xab, 0xc, 0xff,
    0xe0, 0xea, 0xf9, 0x43, 0xff, 0xf4, 0xea, 0xae,
    0x4e, 0x36, 0xff, 0x3a, 0x17, 0x4, 0xe8, 0x4d,
    0xa1, 0x3c, 0x83, 0xd0, 0x77, 0xc8, 0x7f, 0xf0,
    0x40,

    /* U+4ECA "今" */
    0xf, 0x28, 0x3f, 0xeb, 0xc1, 0xfe, 0xf5, 0xe4,
    0x3e, 0xf0, 0x97, 0x83, 0x3e, 0x7, 0x87, 0xd0,
    0xf0, 0x6f, 0x1, 0xc0, 0x81, 0x9, 0xf, 0xd7,
    0xfc, 0x1f, 0xcb, 0x78, 0x3f, 0xef, 0x7, 0xfd,
    0xe0, 0xff, 0xbc, 0x1f, 0xfc, 0xc, 0x3f, 0xf9,
    0x20,

    /* U+4ECE "从" */
    0xc, 0x87, 0xff, 0x1, 0xc3, 0x58, 0x7a, 0xc3,
    0x70, 0x7b, 0x82, 0x70, 0xfb, 0xd, 0xe0, 0xf5,
    0x86, 0xd0, 0xf7, 0x90, 0x5a, 0x1e, 0xf9, 0x3e,
    0x43, 0x59, 0x6e, 0x5a, 0x17, 0x1, 0xb0, 0x5a,
    0xd, 0xb, 0x42, 0xb0, 0x41, 0x58, 0x7f, 0xf0,
    0x50, 0xf8,

    /* U+4EE3 "代" */
    0xf, 0xfe, 0x2f, 0x1, 0x8e, 0xd, 0xe0, 0xac,
    0x74, 0x1f, 0x4, 0xe0, 0xe4, 0x9c, 0x57, 0xfa,
    0x3, 0x9f, 0xa4, 0x39, 0xc2, 0x70, 0xfa, 0xc3,
    0x61, 0xf5, 0x86, 0xd0, 0xf5, 0x86, 0xd0, 0xf5,
    0x86, 0xf4, 0x1d, 0x61, 0xd7, 0x90, 0xac, 0x3e,
    0xb0, 0xff, 0xe1, 0x80,

    /* U+4EE5 "以" */
    0xf, 0xfe, 0x17, 0x2, 0xd, 0x40, 0x70, 0x34,
    0x2d, 0x7, 0x3, 0xc0, 0xb0, 0xb8, 0xe, 0xe,
    0xb, 0x82, 0x87, 0xd, 0xa1, 0xdc, 0x1b, 0x43,
    0x3e, 0xd, 0xa4, 0xf, 0xc1, 0x6d, 0xab, 0x4e,
    0x7, 0xc9, 0x60, 0x78, 0xf0, 0x5a, 0x12, 0x83,
    0xd0, 0x78,

    /* U+4EFB "任" */
    0xf, 0xf9, 0xf, 0x68, 0xdf, 0x21, 0xbc, 0xfe,
    0x43, 0xbc, 0x1d, 0x87, 0x7c, 0x1d, 0x87, 0x76,
    0x2e, 0xd0, 0xe7, 0x3f, 0xf0, 0x4e, 0x19, 0xd6,
    0x9, 0xc3, 0x38, 0x79, 0xc3, 0x38, 0x79, 0xc3,
    0x38, 0x79, 0xc0, 0xab, 0x58, 0x27, 0x2f, 0xf8,
    0x3f, 0xf8, 0x60,

    /* U+4EFD "份" */
    0xf, 0xfe, 0x2f, 0x81, 0x87, 0xef, 0x27, 0x8b,
    0x9, 0xf2, 0x78, 0x2f, 0x23, 0xeb, 0xc1, 0xd6,
    0x17, 0x21, 0x94, 0x1d, 0xc5, 0xfe, 0xd, 0xc2,
    0xb8, 0x70, 0xdc, 0xb, 0x3, 0x86, 0xd0, 0x70,
    0x2c, 0x36, 0x8e, 0x15, 0x86, 0xd3, 0x85, 0x70,
    0x6d, 0x30, 0x5e, 0x83, 0xff, 0x80, 0x84,

    /* U+4F11 "休" */
    0xf, 0xfe, 0x2d, 0x81, 0xc3, 0xf7, 0x1, 0xc2,
    0x42, 0xf1, 0x4f, 0xf0, 0x1e, 0x3f, 0x4a, 0xb,
    0xe0, 0xd8, 0x7b, 0xd0, 0x27, 0xf, 0xb8, 0xb7,
    0x14, 0x1b, 0x8e, 0x36, 0xc3, 0x73, 0x83, 0x56,
    0x1b, 0x6c, 0x1a, 0x70, 0x5d, 0xa0, 0xd2, 0xc2,
    0xd4, 0x16, 0x82, 0xa, 0xe, 0xd0, 0xff, 0xe3,
    0x0,

    /* U+4F1A "会" */
    0xf, 0x21, 0xff, 0xc0, 0xb8, 0x3f, 0xdf, 0xc8,
    0x79, 0xf0, 0x57, 0xa0, 0x9e, 0x9, 0x77, 0x93,
    0x8f, 0xe8, 0x8, 0x72, 0x83, 0xfc, 0xaa, 0xbf,
    0x41, 0x5f, 0xaa, 0x50, 0x7d, 0xc1, 0x38, 0x7b,
    0xc0, 0x6f, 0x41, 0xaf, 0xf5, 0x34, 0x27, 0x94,
    0x19, 0x0,

    /* U+4F46 "但" */
    0xc, 0x87, 0xff, 0x3, 0xc1, 0x95, 0x21, 0x78,
    0xbf, 0xe1, 0xf2, 0xb9, 0x40, 0x70, 0x5a, 0xb0,
    0xe7, 0xb, 0x7f, 0xd4, 0xc2, 0xd5, 0xca, 0x9b,
    0xb, 0x4c, 0x3a, 0xc2, 0xe3, 0xff, 0x5, 0xc3,
    0x45, 0xc1, 0xb8, 0x3f, 0xf8, 0x1c, 0x5, 0xd5,
    0x5, 0xdf, 0xfc, 0x1f, 0xfc, 0x30,

    /* U+4F4F "住" */
    0x9, 0x9, 0x41, 0xf3, 0xa0, 0xb0, 0x21, 0x3d,
    0x3f, 0xe8, 0x7c, 0xbd, 0xc1, 0x9b, 0x43, 0x70,
    0x7b, 0x43, 0x70, 0x7b, 0x4f, 0xfa, 0xb, 0x42,
    0x79, 0x60, 0xb4, 0x37, 0x7, 0xb8, 0x37, 0x7,
    0xb8, 0x37, 0x7, 0xb8, 0x5b, 0xd5, 0x20, 0xab,
    0xff, 0x21, 0xff, 0xc2,

    /* U+4F5C "作" */
    0xf, 0xc8, 0x7e, 0xb0, 0x5a, 0x1e, 0xb4, 0x7f,
    0xc0, 0xbc, 0x3e, 0x97, 0x3, 0xb7, 0xb8, 0x3f,
    0x62, 0x79, 0x70, 0x6d, 0x7, 0xf4, 0x1b, 0x41,
    0xa1, 0xfb, 0x41, 0xa1, 0xfb, 0x41, 0xd5, 0xe0,
    0xda, 0xf, 0xaa, 0xd, 0xc3, 0x87, 0xf7, 0xe,
    0x1f, 0xfc, 0x80,

    /* U+4F60 "你" */
    0xf, 0x21, 0xfe, 0xdb, 0xf, 0xef, 0x1f, 0xf8,
    0xe, 0x8d, 0x16, 0xb0, 0x7a, 0xf, 0xac, 0x1e,
    0x83, 0x68, 0xc1, 0x70, 0x6d, 0xf, 0x70, 0xe6,
    0xb0, 0x6e, 0x38, 0xe9, 0x86, 0xdb, 0x5, 0xe,
    0xb, 0xb4, 0x16, 0x38, 0x5a, 0x6, 0xe0, 0xf6,
    0x82, 0xd0, 0xff, 0xe3, 0x80,

    /* U+4FDD "保" */
    0xf, 0xfe, 0x2c, 0xdf, 0xe4, 0x27, 0xb9, 0x76,
    0x85, 0xc6, 0x86, 0xd0, 0x78, 0x1a, 0x1b, 0x4b,
    0x41, 0xeb, 0xf0, 0x2f, 0x43, 0xfa, 0x43, 0x70,
    0x6e, 0xad, 0x7, 0x4f, 0xf5, 0x10, 0x75, 0x76,
    0x87, 0xb4, 0xb3, 0x7c, 0x1b, 0x4d, 0x30, 0x78,
    0x2d, 0xb0, 0x61, 0x41, 0x21, 0x9c, 0x3f, 0xf8,
    0xe0,

    /* U+4FE1 "信" */
    0xf, 0x94, 0x1f, 0xb8, 0xe, 0x8a, 0xb, 0xcf,
    0xfe, 0x7, 0xc4, 0xb8, 0x42, 0xa6, 0xa, 0x7e,
    0xc, 0xe3, 0xea, 0x28, 0x33, 0x82, 0xaf, 0x83,
    0x38, 0xfd, 0x44, 0x3b, 0x2, 0xf8, 0x3b, 0x6f,
    0xf8, 0x36, 0xd8, 0x6a, 0x6, 0xd5, 0xae, 0xd0,
    0xdc, 0x7f, 0x83, 0xff, 0x88,

    /* U+5012 "倒" */
    0xf, 0xfe, 0x23, 0x7f, 0x20, 0xd1, 0xe7, 0x94,
    0x16, 0x9e, 0x1c, 0x3d, 0xb7, 0x9e, 0x2d, 0xcd,
    0x1d, 0xe9, 0xe7, 0x34, 0x1d, 0xf9, 0x5b, 0xa0,
    0xd0, 0x68, 0xee, 0x83, 0x47, 0xd3, 0xba, 0xe,
    0xfd, 0x3b, 0xa0, 0xe0, 0x70, 0x13, 0x41, 0xc0,
    0xfc, 0x9a, 0xe, 0x9f, 0x4a, 0xf2, 0xa, 0x72,
    0x13, 0x21, 0xff, 0xc3,

    /* U+5019 "候" */
    0x2, 0x1f, 0xf6, 0x81, 0xfc, 0x9e, 0xf, 0x5b,
    0x61, 0xa5, 0x79, 0xb9, 0xdf, 0xf1, 0x76, 0x41,
    0xeb, 0xb7, 0xf9, 0x2f, 0x45, 0xe5, 0x3, 0x83,
    0x7a, 0xa3, 0x87, 0xfc, 0x9a, 0xb, 0xc5, 0xc6,
    0x85, 0xc0, 0x50, 0x79, 0xe,

    /* U+503C "值" */
    0xf, 0xe4, 0x3e, 0x76, 0xaf, 0xc1, 0x3d, 0x3f,
    0x51, 0xb, 0x83, 0x5a, 0x82, 0xf8, 0x7f, 0xe0,
    0x2b, 0x2e, 0xa6, 0xc2, 0x72, 0xfc, 0xf0, 0x4e,
    0x3c, 0xa3, 0x82, 0xb1, 0xfc, 0xe8, 0x56, 0x5c,
    0xa3, 0x42, 0xb3, 0xf8, 0xd0, 0xac, 0xba, 0xdc,
    0x12, 0xdf, 0xf9, 0xf, 0xfe, 0x10,

    /* U+5077 "偷" */
    0xf, 0xc8, 0x7e, 0x90, 0x79, 0xf, 0x5a, 0xbf,
    0xa0, 0x9f, 0x5e, 0x55, 0xf2, 0x7c, 0xb7, 0xe1,
    0x3, 0x63, 0x50, 0x14, 0x15, 0xbf, 0xaa, 0xc2,
    0xb7, 0x6e, 0xdc, 0x27, 0x7f, 0x3b, 0x84, 0xe7,
    0x4d, 0xdc, 0x27, 0xbf, 0xd, 0x84, 0xe6, 0xac,
    0xb8, 0x27, 0x24, 0x2a, 0x7, 0xff, 0x10,

    /* U+513F "儿" */
    0xc, 0x87, 0xff, 0x1, 0xc2, 0xa0, 0x7d, 0x61,
    0x70, 0x7d, 0x61, 0x70, 0x7d, 0x40, 0xb8, 0x3e,
    0xe0, 0xb4, 0x3e, 0xe0, 0xb4, 0x3e, 0xe0, 0xb4,
    0x3e, 0xd0, 0xb4, 0x3e, 0xd0, 0xb4, 0x70, 0x3e,
    0xd, 0xe7, 0xc3, 0xc1, 0xcf, 0xc1, 0x21, 0xff,
    0xc0,

    /* U+5143 "元" */
    0xf, 0xe5, 0x7, 0xbf, 0xf0, 0x7a, 0x8b, 0x7,
    0xff, 0x39, 0x7c, 0x17, 0xff, 0xd0, 0x16, 0xd0,
    0x68, 0x7c, 0xe1, 0x68, 0x7d, 0x61, 0x68, 0x7d,
    0x61, 0x70, 0x7a, 0xd0, 0xa8, 0x28, 0x1e, 0x43,
    0x5f, 0x80, 0x87, 0xd2, 0x10,

    /* U+5148 "先" */
    0xf, 0xfe, 0x26, 0xe, 0xf, 0x9d, 0x38, 0x3e,
    0xf2, 0xbd, 0x50, 0x57, 0xff, 0x5, 0xc1, 0x70,
    0x7f, 0xdc, 0x1f, 0x2a, 0x9e, 0xab, 0x4b, 0xfe,
    0xa8, 0x37, 0x80, 0xe1, 0xf6, 0x85, 0xa1, 0xd6,
    0x1b, 0x84, 0x2e, 0xd, 0x7d, 0x3, 0xf, 0x48,
    0x0,

    /* U+5165 "入" */
    0xf, 0xfe, 0x3e, 0x87, 0xfd, 0x61, 0xff, 0xc0,
    0xe0, 0xff, 0xac, 0x3f, 0x94, 0x70, 0x7c, 0xf0,
    0xe1, 0xf7, 0x5, 0xc1, 0xde, 0xc, 0xe1, 0xac,
    0x3d, 0xe0, 0x3a, 0x1e, 0x74, 0xe0, 0xfd, 0xc1,
    0xff, 0xc1,

    /* U+5168 "全" */
    0xf, 0x21, 0xff, 0xc0, 0xb8, 0x3f, 0xde, 0xb8,
    0x3e, 0x7c, 0xb, 0xd0, 0x6b, 0x83, 0xaf, 0x43,
    0xff, 0xe6, 0xd, 0x2b, 0x96, 0xf, 0xee, 0xf,
    0xeb, 0xfd, 0x7, 0xca, 0xf2, 0xc1, 0xfd, 0xc1,
    0xfc, 0xb7, 0x95, 0x44, 0x1f, 0xff, 0x41, 0xff,
    0xc3,

    /* U+5173 "关" */
    0x9, 0xf, 0xfe, 0xf, 0x83, 0x70, 0x7d, 0x5,
    0xe5, 0x4, 0xd3, 0xff, 0x5, 0x75, 0x6a, 0xf,
    0xfb, 0xf, 0xfe, 0x3, 0xaf, 0x40, 0xff, 0xfe,
    0x2, 0x2d, 0xe1, 0xf, 0xef, 0x3, 0xc8, 0x7b,
    0xc1, 0xaf, 0x21, 0x78, 0x3e, 0xb8, 0x10, 0x7f,
    0x28,

    /* U+517B "养" */
    0xf, 0xfe, 0x2c, 0x86, 0xe0, 0xf5, 0x8a, 0xba,
    0x6, 0xbf, 0xf8, 0x39, 0x6e, 0xf, 0xcf, 0xfe,
    0x83, 0x9f, 0x2e, 0xe, 0x55, 0xea, 0xbe, 0x81,
    0xff, 0x53, 0xc8, 0x56, 0x20, 0xab, 0x9, 0xd5,
    0xa5, 0x9e, 0xa, 0x38, 0x16, 0x8, 0x35, 0x84,
    0xe1, 0xf6, 0x86, 0xc3, 0xe4, 0x39, 0xc,

    /* U+5185 "内" */
    0xf, 0x90, 0xff, 0xe0, 0xf0, 0x7a, 0xd, 0x6b,
    0xc0, 0xff, 0xfe, 0x0, 0x39, 0x56, 0x84, 0xe0,
    0xd0, 0x79, 0x9, 0xc1, 0xa3, 0xf4, 0x7, 0x6,
    0x9e, 0x1f, 0xe, 0xd, 0x34, 0x2d, 0xb0, 0x69,
    0x7, 0xac, 0x1c, 0x1e, 0x4a, 0x3, 0x83, 0x9f,
    0xa0, 0x70, 0x7d, 0x68, 0x7f, 0xf0, 0xc0,

    /* U+518D "再" */
    0xf, 0xfe, 0x1d, 0xff, 0xf0, 0x2b, 0x3c, 0xb0,
    0x7f, 0x68, 0x7e, 0x5d, 0xcb, 0x82, 0x7f, 0xfc,
    0x85, 0x85, 0xa1, 0x68, 0x5f, 0xfe, 0xd, 0xca,
    0xe5, 0xb0, 0xda, 0xe, 0x55, 0xcd, 0xff, 0xfc,
    0x5, 0xb8, 0x3c, 0xe1, 0xa8, 0x1c, 0xf8, 0x32,
    0x83, 0x98, 0x20,

    /* U+5199 "写" */
    0xf, 0xfe, 0x17, 0x5b, 0xfd, 0x1f, 0xaa, 0x5b,
    0x8d, 0x60, 0xf7, 0x11, 0xc1, 0xff, 0x7f, 0xe0,
    0xee, 0x5f, 0x6, 0x70, 0xca, 0xa0, 0x4f, 0xff,
    0x21, 0x4b, 0xc0, 0xd1, 0x54, 0xfc, 0xac, 0x1f,
    0x51, 0x61, 0xc3, 0xfa, 0xf8, 0x3f, 0xcc, 0x80,

    /* U+51B2 "冲" */
    0xf, 0xc8, 0x7a, 0x43, 0xb9, 0x82, 0xb0, 0x37,
    0xf4, 0x7, 0x1f, 0x5a, 0x70, 0x5c, 0xe0, 0xc1,
    0x40, 0x96, 0xc7, 0x5, 0x87, 0x38, 0xe0, 0xb0,
    0xe7, 0x1c, 0xe, 0x15, 0x1f, 0xfc, 0x16, 0x8a,
    0xf2, 0xc1, 0x38, 0x6a, 0x7, 0xa8, 0x1b, 0x83,
    0xff, 0x80, 0xa0, 0xe0,

    /* U+51C6 "准" */
    0xf, 0x21, 0xf9, 0xb, 0xc5, 0x87, 0x6a, 0xf2,
    0xae, 0xa0, 0x5b, 0x7f, 0xd0, 0x5a, 0xb4, 0x18,
    0x7f, 0x6a, 0xba, 0x61, 0xa7, 0xfd, 0x40, 0x9d,
    0xd1, 0xc3, 0xdc, 0x7f, 0xe0, 0x38, 0x39, 0xb5,
    0x81, 0xe0, 0x73, 0x61, 0xda, 0xf, 0xfc, 0x1e,
    0xd0, 0xff, 0xe4, 0x80,

    /* U+51ED "凭" */
    0xd, 0x1, 0x54, 0xc3, 0xbc, 0x7e, 0xa0, 0x4f,
    0x83, 0x58, 0x67, 0xd1, 0xff, 0x80, 0xd0, 0x5a,
    0xd0, 0xeb, 0x9, 0xb6, 0x42, 0xb0, 0x7f, 0xc1,
    0x90, 0x2f, 0x7, 0xbf, 0xf0, 0x7b, 0x83, 0x38,
    0x7b, 0x83, 0x58, 0x67, 0xc1, 0xd7, 0xa0, 0x28,
    0x3e, 0xa6, 0x0,

    /* U+51FA "出" */
    0xf, 0xfe, 0x2e, 0x87, 0xfb, 0x43, 0xc8, 0x5a,
    0x1e, 0xe0, 0x68, 0x38, 0x1c, 0xd, 0x7, 0x3,
    0x81, 0xcd, 0xa0, 0xff, 0xe0, 0xca, 0x38, 0x3f,
    0xdc, 0x16, 0x38, 0x5c, 0x16, 0x38, 0x5c, 0x16,
    0x3a, 0xde, 0x55, 0x83, 0xff, 0xc1, 0xff, 0xc1,

    /* U+5206 "分" */
    0xc, 0x87, 0xff, 0x3, 0xc1, 0xa4, 0x3b, 0xc1,
    0xd7, 0x5, 0xe0, 0xf9, 0xf1, 0x61, 0xfe, 0xd0,
    0x35, 0x7e, 0x83, 0xbf, 0xaa, 0xc3, 0xef, 0x4,
    0xe1, 0xeb, 0xc, 0xe1, 0xce, 0x86, 0x70, 0xee,
    0xa, 0x56, 0x1a, 0xc3, 0x7e, 0xc, 0xa0, 0xf5,
    0x2,

    /* U+5212 "划" */
    0xf, 0xfe, 0x25, 0x1e, 0xc, 0xe1, 0x58, 0xc1,
    0x9c, 0x27, 0xc, 0xe3, 0x81, 0xbf, 0xe, 0x38,
    0x3e, 0x90, 0x38, 0xe1, 0xb4, 0x81, 0x8e, 0x1b,
    0x6d, 0x35, 0x61, 0xbe, 0x41, 0xab, 0xd, 0xe4,
    0x2d, 0x58, 0x1f, 0xc1, 0xd6, 0xe, 0x7, 0x90,
    0xbc, 0x1f, 0x58, 0x2c, 0x3f, 0x90, 0xf0,

    /* U+5219 "则" */
    0xf, 0xfe, 0x1f, 0xfc, 0x13, 0x83, 0x96, 0xb0,
    0x9c, 0x18, 0x25, 0x6e, 0x38, 0x30, 0x6d, 0xb8,
    0xe0, 0xd5, 0x96, 0x6a, 0xc1, 0xb6, 0x71, 0xab,
    0x6, 0xe9, 0xc6, 0xd8, 0x4e, 0x1d, 0xd3, 0xa,
    0xc8, 0x24, 0xb0, 0xb9, 0xe0, 0xd6, 0x16, 0x96,
    0x9d, 0xc0, 0x70, 0xa0, 0x5e, 0x43, 0xff, 0x86,

    /* U+521B "创" */
    0xf, 0xfe, 0x37, 0x83, 0xd8, 0x6f, 0xc8, 0x6c,
    0x2f, 0x3, 0xd0, 0x58, 0x2d, 0xa, 0xc2, 0xc1,
    0xa1, 0xfd, 0x86, 0xa7, 0xc6, 0x98, 0x5e, 0xab,
    0x34, 0xc2, 0xd0, 0xb3, 0x4c, 0x2d, 0xfc, 0x69,
    0x85, 0xb5, 0x24, 0x98, 0x58, 0x6c, 0x27, 0x3,
    0xcb, 0x68, 0xf8, 0x2b, 0xf9, 0x28, 0x1f, 0xfc,
    0x40,

    /* U+521D "初" */
    0x9, 0xf, 0xfe, 0x5, 0x86, 0x5c, 0x1a, 0xf8,
    0xff, 0x1, 0xfc, 0x8e, 0xac, 0x3b, 0x80, 0xe0,
    0xc3, 0x78, 0x2e, 0x1c, 0x2b, 0xf1, 0xa3, 0x81,
    0xfc, 0x38, 0x1c, 0x1f, 0xcd, 0x81, 0xc1, 0x9b,
    0x3c, 0x7, 0xd, 0xa0, 0xd4, 0x38, 0x6c, 0xe,
    0x7e, 0xd, 0x82, 0xc0, 0xc8, 0x7f, 0xf0, 0xc0,

    /* U+5220 "删" */
    0xf, 0xfe, 0x1d, 0xe0, 0x7c, 0x16, 0x9f, 0x53,
    0xe4, 0x1a, 0x6f, 0x4c, 0xd0, 0x69, 0xbd, 0x33,
    0x7b, 0x4d, 0xe9, 0x9b, 0xda, 0x77, 0xeb, 0xd4,
    0xdb, 0xfd, 0x75, 0x6a, 0xde, 0xe3, 0xab, 0x4d,
    0xee, 0x3a, 0xb4, 0xce, 0xe3, 0x95, 0xa6, 0x77,
    0x1c, 0xd, 0x33, 0x79, 0xe5, 0x6a, 0xcd, 0xef,
    0x2b, 0xc8, 0x7f, 0xf0, 0x80,

    /* U+522B "别" */
    0xf, 0xfe, 0xd, 0xfc, 0x16, 0x3f, 0x5e, 0xb,
    0x1c, 0x27, 0xb, 0x4d, 0x5, 0xb9, 0xa7, 0x57,
    0x39, 0xa5, 0xea, 0xe, 0x69, 0x4d, 0x3, 0x9a,
    0x7f, 0x4e, 0x70, 0x35, 0x59, 0x1c, 0x58, 0x2c,
    0x2e, 0x34, 0x14, 0x3, 0xd3, 0x3, 0xc7, 0xa0,
    0xef, 0x1, 0x8,

    /* U+5230 "到" */
    0xf, 0xfe, 0x1f, 0xfd, 0x1, 0xc1, 0x79, 0x70,
    0x4e, 0x16, 0x82, 0xc9, 0x58, 0x2c, 0x27, 0x39,
    0xc1, 0xff, 0x1c, 0xe0, 0x69, 0xca, 0x39, 0xc3,
    0xb4, 0x2e, 0x70, 0x2a, 0xfa, 0x36, 0xc1, 0x7e,
    0xa1, 0xb6, 0x1d, 0xc1, 0xd6, 0x1d, 0xeb, 0xc0,
    0xb0, 0x5f, 0xd2, 0xaf, 0x3, 0x90, 0xe7, 0xc8,

    /* U+5237 "刷" */
    0xf, 0xfe, 0x25, 0x3f, 0x40, 0x70, 0x3f, 0xf0,
    0x1c, 0xe, 0x85, 0x76, 0xe0, 0x7f, 0xeb, 0x70,
    0x3d, 0x71, 0x6e, 0x7, 0x5, 0x1, 0x6e, 0x7,
    0x7e, 0x95, 0xb8, 0x1f, 0xf9, 0xdc, 0xf, 0xae,
    0x9b, 0xb8, 0x1e, 0x9d, 0x37, 0x70, 0x5d, 0x3a,
    0x60, 0x70, 0x72, 0xb6, 0x8f, 0xc0, 0x82, 0xd0,
    0xa4, 0x3f, 0xf8, 0x80,

    /* U+523B "刻" */
    0x9, 0x41, 0xff, 0xc0, 0xb5, 0x82, 0xb0, 0x7f,
    0xa0, 0xac, 0x17, 0x7, 0x45, 0x81, 0xe5, 0xa3,
    0x6c, 0x2f, 0xe8, 0xe7, 0xe, 0xf2, 0xa, 0x38,
    0x57, 0x81, 0x16, 0xe0, 0xb8, 0x1e, 0x56, 0xe0,
    0x40, 0xf8, 0x25, 0x61, 0xaf, 0x83, 0x58, 0x1f,
    0x27, 0x8b, 0xd0, 0x50, 0x64, 0x50, 0x40,

    /* U+524D "前" */
    0xf, 0xf4, 0x1d, 0x61, 0xd6, 0x84, 0xae, 0x5a,
    0xf5, 0x7, 0xff, 0xf8, 0x0, 0x65, 0xc1, 0xa0,
    0xbf, 0xcb, 0xb0, 0xb8, 0x2d, 0xe7, 0xb, 0xf5,
    0xba, 0xb0, 0xb8, 0x2d, 0xd5, 0x85, 0xea, 0x1b,
    0xab, 0xb, 0xf1, 0xa8, 0x70, 0xac, 0xe, 0x82,
    0xc2, 0xb1, 0xf0, 0x1e, 0xf, 0x90, 0xc8, 0x40,

    /* U+529B "力" */
    0xe, 0x43, 0xfc, 0xe1, 0xe5, 0xdc, 0x1e, 0xff,
    0xf9, 0xa, 0xc0, 0xb7, 0x5, 0xa1, 0xdc, 0x7,
    0xf, 0x68, 0x38, 0x3d, 0xa3, 0xa1, 0xec, 0x16,
    0x19, 0x1c, 0x1a, 0x1b, 0xd6, 0x38, 0x7a, 0xf0,
    0xc1, 0xf2, 0x0,

    /* U+529E "办" */
    0xe, 0x50, 0x7f, 0xf0, 0x38, 0x3f, 0xbf, 0xfa,
    0xf, 0x5a, 0xef, 0x7, 0xac, 0x35, 0x87, 0xb4,
    0x37, 0x4, 0xf6, 0x1d, 0xe4, 0x1d, 0x30, 0xef,
    0x86, 0x34, 0x3b, 0x50, 0x4e, 0x12, 0xd8, 0x75,
    0x85, 0x7c, 0x1d, 0xc1, 0xca, 0xf, 0xfe, 0x28,

    /* U+529F "功" */
    0xf, 0xfe, 0x12, 0x83, 0xb8, 0x27, 0xf0, 0x5d,
    0x48, 0x39, 0xbf, 0xe0, 0x68, 0xde, 0x5, 0x1,
    0xa1, 0x68, 0x38, 0x1a, 0x7, 0xb, 0x81, 0xc0,
    0xb0, 0xb4, 0x1c, 0xe, 0xb, 0x41, 0xf3, 0xa1,
    0x69, 0x79, 0x58, 0xb6, 0xd, 0x5, 0x97, 0xc1,
    0xe5, 0x4, 0x80,

    /* U+52A0 "加" */
    0xd, 0x7, 0xff, 0x1, 0xc3, 0xfc, 0xff, 0xd,
    0x38, 0x27, 0xcf, 0x7a, 0x98, 0x6d, 0x3b, 0x47,
    0x9, 0xc1, 0xba, 0x38, 0x56, 0xd, 0xd1, 0xc2,
    0xe0, 0x6e, 0x96, 0x16, 0x83, 0x74, 0xb0, 0x38,
    0x5b, 0xa5, 0x82, 0xc9, 0xde, 0x9e, 0x7, 0x1f,
    0x3f, 0x41, 0xf2, 0x83, 0xe0,

    /* U+52A1 "务" */
    0xf, 0xfe, 0x2e, 0x1f, 0xf7, 0xd2, 0x83, 0xcf,
    0x4f, 0xf4, 0xe, 0x42, 0x7f, 0x16, 0xfa, 0xfa,
    0xe, 0x7f, 0xd0, 0x4f, 0xca, 0x1b, 0xd1, 0xc8,
    0xe8, 0x7f, 0x3e, 0x55, 0x41, 0x7f, 0xf9, 0x3,
    0xe0, 0xe7, 0xa, 0xd0, 0x9e, 0xc2, 0xd0, 0xeb,
    0xc1, 0xff, 0xc2,

    /* U+52A8 "动" */
    0xf, 0xe8, 0x3b, 0xf2, 0x7, 0xe, 0x5a, 0x47,
    0xf4, 0x1f, 0xbe, 0xb8, 0xb, 0xa0, 0x71, 0x65,
    0xfc, 0xd, 0x2c, 0x2e, 0x9, 0xc1, 0x61, 0x68,
    0x56, 0x7, 0x5, 0x86, 0xb0, 0x38, 0x38, 0x81,
    0xc0, 0x70, 0x69, 0xa6, 0x81, 0xcb, 0xf4, 0xe0,
    0xbc, 0xa, 0x36, 0xe3, 0xa1, 0xff, 0xc4,

    /* U+52A9 "助" */
    0xf, 0xe4, 0x3c, 0xd4, 0x16, 0x86, 0xfe, 0x55,
    0xca, 0x7, 0x3, 0x6f, 0xe4, 0xfe, 0x4b, 0x6,
    0x97, 0x4d, 0x28, 0xd, 0x2c, 0x18, 0x38, 0x70,
    0x7d, 0x60, 0xd1, 0xc1, 0x6a, 0xc7, 0x3, 0x81,
    0xc7, 0xce, 0x7, 0x5, 0xfa, 0x99, 0x4c, 0x79,
    0xb, 0x9f, 0x83, 0xff, 0x81, 0x0,

    /* U+52B2 "劲" */
    0xf, 0xf4, 0x19, 0xfa, 0x42, 0xd0, 0xca, 0xf8,
    0xfa, 0x43, 0x3e, 0x3, 0xfa, 0x5, 0xf2, 0xe,
    0x38, 0xf2, 0x5c, 0x69, 0xa6, 0x12, 0x87, 0x6,
    0x83, 0xf2, 0x58, 0x34, 0xd, 0x85, 0xc0, 0xc3,
    0x3b, 0x1a, 0x38, 0x6b, 0xe7, 0x5, 0x81, 0xf4,
    0xb, 0x2e, 0x9, 0xc, 0xc1, 0xc0,

    /* U+52B3 "劳" */
    0x9, 0xe, 0x43, 0x2b, 0x97, 0x79, 0x47, 0xff,
    0xd0, 0x4a, 0x9, 0x83, 0x7f, 0xfd, 0x1c, 0xaa,
    0x2e, 0xf1, 0xa0, 0xf0, 0x6e, 0xd, 0x72, 0xd0,
    0x6f, 0xfe, 0x82, 0x7c, 0x1d, 0x61, 0x58, 0x7a,
    0xc0, 0xe8, 0x75, 0xc1, 0x41, 0xed, 0x0,

    /* U+52D2 "勒" */
    0xf, 0xfe, 0x1c, 0x83, 0x81, 0xa1, 0x3f, 0xe1,
    0xe5, 0xf, 0xa9, 0xcf, 0xf2, 0x5e, 0xb4, 0x70,
    0x68, 0x2f, 0x4, 0xe0, 0xc0, 0xdf, 0x87, 0x6,
    0xf, 0xd6, 0xd8, 0xe0, 0xa3, 0x99, 0x41, 0xc1,
    0x7f, 0x1c, 0x38, 0x1f, 0xa4, 0xd1, 0xc0, 0xaf,
    0xc7, 0x56, 0xf, 0xd4, 0x77, 0xe0, 0xce, 0x14,
    0x4, 0x0,

    /* U+5316 "化" */
    0xf, 0xfe, 0x36, 0xd, 0xf, 0x9f, 0x3, 0x41,
    0xa0, 0x7c, 0x17, 0x3e, 0xb, 0xe0, 0xbe, 0x83,
    0x9c, 0x2f, 0x41, 0xe7, 0x7, 0xa0, 0xf9, 0xcb,
    0xd0, 0x7c, 0xe1, 0x50, 0x3e, 0x70, 0xac, 0x3e,
    0x70, 0xae, 0x50, 0x6b, 0xd, 0x7e, 0xc, 0x87,
    0xe4,

    /* U+533A "区" */
    0xf, 0xfe, 0x17, 0xff, 0xa0, 0x72, 0xff, 0x3,
    0x43, 0xe8, 0x2d, 0xb0, 0xde, 0xb, 0x4f, 0x27,
    0x83, 0x68, 0x2f, 0x83, 0xb8, 0xf, 0xc1, 0xdc,
    0x5c, 0x7a, 0xb, 0xa6, 0x85, 0x61, 0x70, 0x87,
    0xf7, 0x2a, 0xaf, 0xd1, 0x7f, 0x54, 0xa0, 0xff,
    0xe1, 0x0,

    /* U+5341 "十" */
    0xf, 0xfe, 0x2d, 0x87, 0xfa, 0xc3, 0xfd, 0x61,
    0xfe, 0xa0, 0x7f, 0xb8, 0x39, 0x75, 0xfe, 0xbf,
    0xea, 0xc8, 0x77, 0x7, 0xfb, 0x43, 0xfd, 0xa1,
    0xfe, 0xd0, 0xff, 0x68, 0x7f, 0xb4, 0x3f, 0xf8,
    0xa0,

    /* U+5348 "午" */
    0x2, 0x1f, 0xeb, 0xf, 0xf7, 0x97, 0x83, 0xaf,
    0xfc, 0x87, 0x9d, 0x10, 0xf9, 0xc3, 0xfc, 0xe1,
    0xfe, 0x70, 0xfe, 0x6e, 0x9e, 0xbf, 0xfa, 0x8b,
    0x80, 0xe1, 0xfe, 0x70, 0xff, 0x58, 0x7f, 0xf1,
    0x40,

    /* U+5355 "单" */
    0xf, 0xe8, 0x3d, 0x61, 0x5a, 0x1c, 0xf2, 0xbc,
    0xa0, 0x5f, 0xfe, 0x4b, 0xa, 0xc2, 0xd3, 0xd4,
    0xfd, 0x38, 0x3e, 0xa7, 0x91, 0xc2, 0xd0, 0x7a,
    0x9e, 0xb, 0xff, 0x48, 0x4b, 0xb4, 0x3f, 0xcf,
    0x5e, 0x3f, 0xfd, 0x41, 0x40, 0x70, 0xf0,

    /* U+5361 "卡" */
    0xf, 0xfe, 0x3d, 0x3, 0xff, 0x81, 0xc1, 0x21,
    0xfb, 0xfc, 0x1f, 0xb9, 0x60, 0xfe, 0xd0, 0xff,
    0x2b, 0xa7, 0xf0, 0x3f, 0xea, 0x2c, 0x4, 0x2c,
    0x3f, 0xf8, 0x38, 0xf2, 0x1f, 0x38, 0x2f, 0x90,
    0xe7, 0xe, 0x43, 0xce, 0x1f, 0xfc, 0x7, 0xf,
    0xfe, 0x50,

    /* U+5386 "历" */
    0xf, 0xfe, 0x13, 0xff, 0xe0, 0x79, 0x7f, 0x81,
    0xc1, 0x30, 0x7b, 0x42, 0xf0, 0x7b, 0x6a, 0xf2,
    0xc1, 0x65, 0xff, 0x87, 0xb, 0x82, 0x71, 0xc0,
    0xe1, 0x9c, 0xb0, 0x70, 0x67, 0x2c, 0x1a, 0x19,
    0xca, 0x16, 0x1d, 0x67, 0x1a, 0x13, 0xe8, 0x34,
    0x1c, 0x84,

    /* U+539F "原" */
    0xf, 0xfe, 0x23, 0x7f, 0xe4, 0x2f, 0x53, 0xca,
    0xf, 0x69, 0x7a, 0xf8, 0x36, 0xfe, 0xab, 0x42,
    0xdf, 0x55, 0xda, 0x17, 0x7e, 0xa3, 0xa1, 0x65,
    0x86, 0x74, 0xe, 0x3f, 0xf0, 0x4e, 0x5, 0xb8,
    0x39, 0xc1, 0xc6, 0x87, 0x59, 0x60, 0xdf, 0x5,
    0xab, 0x4b, 0x4f, 0x1, 0x4, 0xd, 0xe,

    /* U+53BB "去" */
    0xf, 0xfe, 0x47, 0x7, 0xff, 0x3, 0x83, 0xf7,
    0xff, 0x41, 0x97, 0x72, 0xe0, 0xfd, 0xa1, 0xff,
    0xc0, 0xd0, 0x94, 0x5, 0x53, 0xff, 0x3, 0xfa,
    0x58, 0x3e, 0xb0, 0xce, 0x1e, 0xd0, 0xed, 0xd,
    0xe1, 0x57, 0xe0, 0x9f, 0xf4, 0xae, 0x9, 0x41,
    0xf2, 0x0,

    /* U+53C8 "又" */
    0xf, 0xfe, 0x17, 0xf5, 0x48, 0x65, 0xa9, 0xf0,
    0x7f, 0x3c, 0x1f, 0xae, 0xd, 0xc0, 0xb4, 0x39,
    0xf5, 0xa1, 0xfb, 0xe0, 0xfd, 0x77, 0x90, 0xeb,
    0x41, 0x70, 0x56, 0x86, 0x7c, 0x5a, 0x1f, 0x41,
    0xff, 0xc1,

    /* U+53D1 "发" */
    0xf, 0x28, 0x8, 0x77, 0x3, 0x87, 0x82, 0x74,
    0x70, 0x9c, 0x2f, 0x53, 0xcb, 0xe0, 0x5f, 0xff,
    0x7, 0x79, 0xf, 0xf3, 0xfe, 0x83, 0xdc, 0x5,
    0x79, 0xc, 0xe6, 0x97, 0x7, 0x71, 0x7c, 0x87,
    0x58, 0x1f, 0xd2, 0x17, 0x17, 0x1, 0xf8, 0x8,
    0x34, 0x3c, 0x87, 0xff, 0xc,

    /* U+53D6 "取" */
    0xf, 0xfe, 0x1f, 0xfa, 0xf, 0xad, 0x5e, 0x46,
    0xe0, 0x38, 0x2d, 0xfe, 0x3, 0x82, 0xce, 0x78,
    0xf, 0xe8, 0x36, 0x81, 0xd5, 0xc1, 0x58, 0x4e,
    0xa, 0x17, 0xa0, 0xbf, 0xa0, 0x78, 0x37, 0x95,
    0xc0, 0xf4, 0x13, 0x83, 0x81, 0xdc, 0xb, 0xbe,
    0x2c, 0xb1, 0xfa, 0xe3, 0x83, 0xfb, 0x43, 0xff,
    0x92,

    /* U+53E5 "句" */
    0x2, 0x1f, 0xeb, 0x17, 0xa8, 0xf, 0xff, 0x2b,
    0x43, 0xed, 0x10, 0xca, 0x6, 0x8f, 0xf9, 0x34,
    0xb5, 0x3, 0x4d, 0x2c, 0x36, 0x9a, 0x38, 0x6d,
    0x30, 0xbf, 0xc0, 0xc3, 0x2d, 0x25, 0x87, 0xe7,
    0xd0, 0x7e, 0x60, 0x80,

    /* U+53E6 "另" */
    0xf, 0xfe, 0x3, 0xff, 0xa3, 0xd4, 0x5d, 0xc6,
    0x87, 0xb4, 0xe0, 0xe7, 0x7, 0xff, 0x4, 0xae,
    0xb0, 0x73, 0x87, 0xdf, 0xfc, 0x6, 0xd7, 0xb0,
    0xb8, 0x3b, 0x47, 0xf, 0x69, 0xc1, 0xbe, 0x4,
    0x1d, 0x20,

    /* U+53EE "叮" */
    0xf, 0xfe, 0x3d, 0xff, 0x3, 0xd2, 0xa8, 0xf2,
    0x87, 0xbc, 0x1b, 0x82, 0x70, 0x61, 0xb8, 0x27,
    0x6, 0x85, 0xc1, 0x38, 0x34, 0x2d, 0x9, 0xc1,
    0xa1, 0x68, 0x4e, 0xd, 0xb, 0x42, 0x72, 0xe0,
    0xb4, 0x27, 0xe8, 0x36, 0x86, 0x90, 0xaf, 0x90,
    0xff, 0x36, 0x18,

    /* U+53EF "可" */
    0x16, 0xf, 0xf3, 0xff, 0xfc, 0x0, 0xf2, 0xf7,
    0x21, 0x94, 0x1d, 0xa1, 0xbf, 0xd1, 0xa1, 0xb4,
    0x2e, 0x34, 0x36, 0x85, 0xc6, 0x86, 0xe0, 0xb4,
    0xd0, 0xd6, 0xab, 0x6, 0x86, 0x7f, 0x40, 0xd0,
    0xff, 0x9d, 0xf, 0xbf, 0xc8, 0x7d, 0x28, 0x3c,

    /* U+53F0 "台" */
    0xf, 0xfe, 0x16, 0x87, 0xf5, 0x87, 0x38, 0x5c,
    0x13, 0x4e, 0x1f, 0xfd, 0x60, 0xe8, 0x87, 0xf2,
    0xea, 0xe0, 0x7f, 0xf8, 0x1a, 0x1e, 0xb0, 0x68,
    0x7b, 0x81, 0xc1, 0xed, 0x7, 0x97, 0xac, 0x27,
    0xfe, 0x83, 0xff, 0x84,

    /* U+53F2 "史" */
    0xe, 0x43, 0xfe, 0xe0, 0xe7, 0xff, 0xcd, 0xad,
    0xe5, 0xb6, 0xc2, 0xa0, 0x1c, 0x75, 0xac, 0x16,
    0xf, 0xfe, 0x83, 0xd6, 0x1e, 0x75, 0x70, 0x7d,
    0xf9, 0xf, 0x3e, 0x7e, 0x90, 0x3c, 0x19, 0xf8,
    0x8, 0x7e, 0x80,

    /* U+53F7 "号" */
    0xf, 0xfe, 0x2f, 0xfd, 0x7, 0xb9, 0x77, 0x83,
    0xda, 0x1a, 0x81, 0xee, 0x5d, 0xc1, 0xeb, 0xfc,
    0x87, 0xe5, 0xab, 0x6d, 0xff, 0xf4, 0xaa, 0x79,
    0xf, 0xfb, 0xcb, 0x51, 0xf, 0x7f, 0xe0, 0xff,
    0xe0, 0x58, 0x7f, 0x34, 0xe0, 0xfe, 0xfa, 0xf,
    0xfe, 0x30,

    /* U+5403 "吃" */
    0xf, 0xfe, 0x3d, 0xaf, 0x7, 0xbf, 0xe1, 0xbc,
    0xe8, 0x7b, 0xd6, 0xbf, 0x3, 0x4d, 0xff, 0x3,
    0x4d, 0x9, 0xe0, 0x69, 0x86, 0xe0, 0xb8, 0xc2,
    0xf0, 0x6f, 0x58, 0x3c, 0x1d, 0x7a, 0x3c, 0x87,
    0xfa, 0xfe, 0x43, 0xf9, 0x52,

    /* U+5404 "各" */
    0xf, 0x21, 0xff, 0x3e, 0xf, 0xf5, 0xfe, 0xa0,
    0x6f, 0x20, 0x57, 0xc8, 0x53, 0x20, 0xbc, 0x87,
    0xbf, 0xa0, 0xfd, 0x7f, 0xa4, 0x2b, 0xc8, 0x4d,
    0xe8, 0xf2, 0xa8, 0xb8, 0x32, 0x3f, 0xf8, 0x39,
    0xc3, 0xac, 0x3a, 0xc5, 0x53, 0xc1, 0xcf, 0xfa,
    0x43, 0xc8, 0x7f, 0x0,

    /* U+5408 "合" */
    0xf, 0xfe, 0x45, 0x3, 0xfe, 0xf4, 0x1f, 0xcf,
    0xf4, 0x1e, 0xb8, 0x2b, 0xd2, 0xb, 0x82, 0x54,
    0xf8, 0x12, 0x7f, 0x83, 0xf4, 0xa0, 0xff, 0x37,
    0xf2, 0x1e, 0xf5, 0x15, 0xa1, 0xee, 0xd, 0xa1,
    0xeb, 0x5a, 0xc3, 0xf7, 0xf8, 0x3f, 0xf8, 0xc0,

    /* U+540D "名" */
    0xa, 0x43, 0xff, 0x81, 0xcb, 0xa8, 0x86, 0xbf,
    0xf8, 0x37, 0x7, 0xdc, 0x14, 0x50, 0x26, 0xf0,
    0x73, 0xdf, 0x90, 0xcd, 0xf4, 0x87, 0xbd, 0x21,
    0x96, 0xe, 0x7f, 0xf2, 0x1a, 0xd6, 0xb, 0x43,
    0x58, 0x73, 0x87, 0x3a, 0xf5, 0x87, 0xbf, 0xe8,
    0x3f, 0xf8, 0x80,

    /* U+540E "后" */
    0xf, 0xe5, 0x86, 0xff, 0xe3, 0xd4, 0x58, 0x3b,
    0x43, 0xfd, 0xff, 0xf3, 0xcb, 0xf0, 0x1c, 0xb,
    0x55, 0x8e, 0x7f, 0xe9, 0xce, 0xe, 0xdb, 0x34,
    0x3b, 0x6c, 0xd0, 0xec, 0xa1, 0xfd, 0x4c, 0xa0,
    0x15, 0x57, 0x7, 0xff, 0x4,

    /* U+5411 "向" */
    0xc, 0x87, 0xfa, 0xc3, 0xfa, 0xe0, 0xfa, 0xff,
    0xf3, 0x60, 0x5f, 0x74, 0xc0, 0xaa, 0x3, 0xa6,
    0x7f, 0x47, 0x4c, 0xe0, 0x71, 0xab, 0x2c, 0x78,
    0xd5, 0x8f, 0xe4, 0xd5, 0x82, 0x50, 0x5a, 0xb0,
    0xf3, 0xe1, 0xc3, 0xd4, 0xf, 0xfe, 0x10,

    /* U+5417 "吗" */
    0xf, 0xfe, 0x45, 0xfd, 0x7, 0xcb, 0xde, 0x1f,
    0xc8, 0x85, 0xc5, 0xd3, 0x8e, 0x6, 0x96, 0xe,
    0x34, 0x1a, 0x38, 0x39, 0xc2, 0xc0, 0xe0, 0xd5,
    0xaf, 0xe, 0xd, 0x5f, 0xe0, 0x69, 0xa1, 0xce,
    0xf, 0xc8, 0xdc, 0xe0, 0xa9, 0xbe, 0x4b, 0xf,
    0x28, 0x17, 0xa0, 0xff, 0x34, 0x0,

    /* U+5427 "吧" */
    0xf, 0xf9, 0x41, 0xf7, 0xfc, 0x87, 0xb9, 0xd3,
    0x43, 0xda, 0x69, 0xa2, 0xa8, 0xe9, 0xa6, 0xdd,
    0x3b, 0x57, 0xe6, 0xc1, 0xbb, 0xf5, 0x7, 0x6,
    0xe8, 0x79, 0xc1, 0xba, 0x1e, 0x7f, 0x3a, 0x19,
    0x42, 0xe3, 0x43, 0x70, 0x7b, 0x97, 0x68, 0x7a,
    0xff, 0x7, 0xff, 0xc,

    /* U+542F "启" */
    0xf, 0xfe, 0x2e, 0x1f, 0xe7, 0x9a, 0x81, 0xff,
    0xe9, 0xd4, 0x1e, 0xd5, 0x81, 0x7d, 0xab, 0xbf,
    0xf0, 0xe1, 0xfe, 0x73, 0xff, 0x36, 0xf4, 0x5d,
    0xb6, 0xe1, 0xed, 0xb3, 0x43, 0xb2, 0xce, 0x5d,
    0x65, 0x97, 0xfa, 0xf, 0xfe, 0x8,

    /* U+5438 "吸" */
    0xf, 0x51, 0x41, 0xfe, 0xbf, 0xa0, 0x7a, 0x41,
    0xa5, 0xc3, 0xde, 0x1c, 0x1e, 0xb, 0x56, 0x59,
    0x70, 0x5a, 0xb3, 0x81, 0x78, 0x1a, 0xb3, 0x40,
    0xe8, 0x35, 0x6e, 0xef, 0x5, 0xd3, 0xb3, 0xe0,
    0xdf, 0x5a, 0x3e, 0x43, 0xec, 0x1c, 0xf0, 0x73,
    0x9e, 0x3, 0x7, 0xe8, 0x3c,

    /* U+5440 "呀" */
    0xf, 0xf2, 0xc1, 0xe7, 0xfe, 0xf, 0x96, 0x34,
    0x2a, 0x92, 0x80, 0xe0, 0x3f, 0x8e, 0x7, 0x5,
    0x8e, 0x72, 0xb8, 0x2d, 0x59, 0x7f, 0x81, 0xab,
    0xe, 0xb0, 0xb5, 0x60, 0xd2, 0xc2, 0xfc, 0x58,
    0x1c, 0x26, 0x47, 0x40, 0xe1, 0xf7, 0x8b, 0xe0,
    0xfb, 0x9, 0x60, 0xff, 0xe2, 0x0,

    /* U+5462 "呢" */
    0xf, 0xfe, 0x43, 0xfe, 0x7, 0xe3, 0xcb, 0x58,
    0xf4, 0xdd, 0xa, 0xc7, 0x6, 0xf2, 0xd6, 0xc,
    0x1b, 0xfe, 0x81, 0x83, 0x74, 0x3e, 0xd5, 0xbb,
    0x2, 0xb, 0x56, 0xee, 0x5a, 0xd, 0x5b, 0x9f,
    0x21, 0x6a, 0xdc, 0xf4, 0x1b, 0xa6, 0xe7, 0x7,
    0x7d, 0x4c, 0xe5, 0x83, 0xd6, 0x5f, 0x83, 0xe4,
    0x3e,

    /* U+5468 "周" */
    0xf, 0xfe, 0x1d, 0xff, 0xc0, 0x7a, 0x2f, 0xb4,
    0x18, 0x48, 0x6d, 0x6, 0x2b, 0xd4, 0x34, 0x19,
    0x7e, 0x8d, 0x6, 0xb7, 0x28, 0xd0, 0x6f, 0xf9,
    0xe0, 0x68, 0xb4, 0xe, 0x6, 0xdf, 0xa3, 0x81,
    0xb4, 0x7, 0x14, 0x1c, 0x70, 0x69, 0xc7, 0xf,
    0xe7, 0xd1, 0x20, 0x58, 0x12, 0x0,

    /* U+547C "呼" */
    0xf, 0xfe, 0x6d, 0x86, 0x41, 0x7f, 0x40, 0xfc,
    0x53, 0xca, 0x3, 0xb6, 0x45, 0x9e, 0x6, 0xd9,
    0xb6, 0xe8, 0x35, 0x65, 0xdb, 0x5, 0xab, 0x7,
    0x61, 0xdc, 0xef, 0xfc, 0xb, 0xe0, 0x2b, 0x98,
    0xd, 0xc1, 0xb4, 0x3f, 0xdf, 0x7, 0xfc, 0xa0,
    0xe0,

    /* U+548C "和" */
    0xe, 0x68, 0x1f, 0x37, 0xe8, 0x3e, 0x7b, 0x41,
    0x74, 0x43, 0xb8, 0x1e, 0xbc, 0xb, 0xfa, 0xd0,
    0x68, 0xd3, 0x81, 0xa0, 0xd0, 0xbe, 0x4d, 0x6,
    0x82, 0xfd, 0x68, 0x34, 0x77, 0x81, 0xa3, 0xa7,
    0x1c, 0xf, 0xe0, 0x40, 0xa0, 0x16, 0xf, 0xa8,
    0x1f, 0xfc, 0xa0,

    /* U+549A "咚" */
    0xf, 0xfe, 0x4b, 0x7, 0xff, 0x3, 0xc8, 0x7f,
    0xaf, 0xd0, 0x5c, 0x16, 0x82, 0xe2, 0xfc, 0xf2,
    0x79, 0x2c, 0xb0, 0x5f, 0x5, 0x63, 0x82, 0xfa,
    0x3, 0x8e, 0x79, 0x1f, 0x2b, 0x2e, 0xde, 0x4,
    0x3b, 0xe0, 0xaf, 0x20, 0x7d, 0x20, 0x40, 0x87,
    0xf3, 0xf4, 0x87, 0xf9, 0xbc, 0x1f, 0xfc, 0x40,

    /* U+54CD "响" */
    0xf, 0xcc, 0x1f, 0xfc, 0xe, 0xf, 0xf7, 0xfc,
    0x9f, 0x9e, 0x8b, 0x73, 0xab, 0x71, 0xa1, 0xce,
    0x3b, 0xdf, 0x3c, 0xe3, 0x9d, 0x9b, 0xa6, 0x59,
    0xd9, 0xba, 0x6d, 0x9b, 0xbb, 0xa7, 0xe3, 0x7b,
    0x74, 0x6e, 0x36, 0xf1, 0xa1, 0xed, 0xb, 0xc1,
    0xf6, 0x85, 0x7, 0xff, 0x10,

    /* U+54E6 "哦" */
    0xf, 0x90, 0x90, 0xfa, 0xf5, 0xbc, 0xf, 0x95,
    0xc7, 0x30, 0xf7, 0x1c, 0x7a, 0x83, 0x9d, 0xff,
    0x40, 0xce, 0x9c, 0x38, 0x6c, 0xd3, 0x81, 0xa1,
    0x66, 0xde, 0x8f, 0x40, 0xdd, 0xb8, 0x1e, 0x81,
    0xba, 0x73, 0xf0, 0x5f, 0x2b, 0x68, 0xe1, 0x2c,
    0x78, 0x36, 0x87, 0x90, 0xe8, 0x0,

    /* U+54EA "哪" */
    0xe, 0x50, 0x4a, 0xf, 0x3f, 0xaf, 0x81, 0xf0,
    0xf7, 0xa7, 0x1e, 0xcb, 0xba, 0xb1, 0xdd, 0xfd,
    0x58, 0x77, 0x3a, 0x74, 0xe1, 0xdc, 0xdb, 0xa6,
    0x8e, 0xf7, 0xea, 0x70, 0xf6, 0xff, 0x4e, 0x3d,
    0xb9, 0x7a, 0x35, 0x7d, 0x65, 0x3b, 0xc0, 0xf5,
    0xcf, 0x72, 0x1e, 0x51, 0x1c, 0x10,

    /* U+5524 "唤" */
    0xf, 0x90, 0xff, 0xe0, 0x79, 0x60, 0xfd, 0x7f,
    0x6, 0xa2, 0x70, 0x3c, 0x13, 0xf2, 0x7f, 0x80,
    0xe6, 0xad, 0xe9, 0x81, 0xcd, 0x59, 0xce, 0x7,
    0x3a, 0x66, 0xd8, 0x1c, 0xef, 0xfc, 0x39, 0xc3,
    0xde, 0x92, 0xee, 0x2c, 0x1c, 0x17, 0x41, 0xc2,
    0x74, 0x3c, 0xc1, 0xa4,

    /* U+5566 "啦" */
    0xe, 0x82, 0x90, 0xfd, 0x8d, 0xca, 0x1f, 0x9d,
    0xbf, 0x45, 0xdf, 0x90, 0xf5, 0xb9, 0xc1, 0xb4,
    0x77, 0x34, 0xd3, 0x3, 0xb9, 0xc7, 0x38, 0x1e,
    0xef, 0x16, 0xe0, 0x7b, 0xf1, 0x76, 0x7, 0xb2,
    0x83, 0xf0, 0x1e, 0x85, 0x81, 0xe0, 0xbd, 0x3c,
    0x2b, 0xd0, 0x49, 0xc5, 0xfc, 0x1f, 0xfc, 0x30,

    /* U+565C "噜" */
    0xf, 0xa0, 0xff, 0xe0, 0x7a, 0x50, 0x7e, 0xff,
    0x21, 0xf3, 0x4f, 0xc8, 0xfe, 0x7f, 0xd1, 0x6d,
    0xbf, 0xe4, 0x71, 0xcf, 0xf2, 0x38, 0xe5, 0xfc,
    0x83, 0x1e, 0xff, 0x81, 0xb6, 0x5f, 0xc1, 0x74,
    0xcf, 0xd6, 0x83, 0xe9, 0xfd, 0x61, 0xf9, 0xfd,
    0x7, 0xff, 0x10,

    /* U+5668 "器" */
    0xf, 0xfe, 0x15, 0xf8, 0x1f, 0xa3, 0x95, 0xab,
    0x9b, 0x38, 0x1a, 0xb0, 0x59, 0xfc, 0xaf, 0xe0,
    0x2d, 0x52, 0xb4, 0x15, 0xbe, 0x6e, 0x4b, 0xff,
    0xe2, 0xf0, 0x73, 0xe0, 0x51, 0x60, 0x55, 0x82,
    0xfd, 0x4f, 0xe3, 0x81, 0xd4, 0xb, 0x3c, 0xae,
    0x9a, 0xbc, 0x5f, 0x95, 0xf9, 0xf, 0xfe, 0x8,

    /* U+56DE "回" */
    0x3f, 0xfd, 0x3a, 0xfe, 0xf3, 0x87, 0xea, 0x38,
    0xff, 0x14, 0x32, 0xd5, 0x67, 0x1a, 0xb0, 0x39,
    0xc6, 0xad, 0x56, 0x69, 0xcf, 0xe8, 0xd3, 0x83,
    0xed, 0x2d, 0x7d, 0x60, 0xbf, 0xf8, 0x3f, 0xf8,
    0x20,

    /* U+56E0 "因" */
    0x9, 0x6a, 0xde, 0x7, 0xfd, 0x56, 0x9a, 0x1a,
    0xb, 0x4d, 0xb, 0xc1, 0x69, 0xb4, 0xfe, 0xb4,
    0xdf, 0xca, 0x6, 0x9a, 0x59, 0x5, 0xa7, 0x1c,
    0x78, 0x1a, 0x74, 0xc2, 0xe3, 0x4e, 0x50, 0x7b,
    0x4f, 0x51, 0x7d, 0x81, 0xff, 0xf0, 0x7f, 0xf0,
    0x80,

    /* U+56FA "固" */
    0xf, 0xfe, 0x5, 0xff, 0xea, 0x75, 0xcb, 0x74,
    0xc2, 0xba, 0x3d, 0x3b, 0xfc, 0xf4, 0xc5, 0x79,
    0x7, 0x4c, 0xbf, 0x26, 0xac, 0xe4, 0xd3, 0x56,
    0x7a, 0x74, 0xd5, 0x8f, 0xe4, 0xc7, 0xe, 0x5b,
    0x1f, 0xff, 0x1, 0x78, 0x3c,

    /* U+56FE "图" */
    0xf, 0xfe, 0x1f, 0xff, 0xf0, 0x7, 0xa7, 0x97,
    0xac, 0x18, 0x3c, 0x86, 0x70, 0x6f, 0xfa, 0x2c,
    0x1b, 0x5, 0x7a, 0xa0, 0x69, 0x7e, 0x8e, 0x6,
    0xaf, 0xe4, 0xe0, 0x7f, 0xd, 0xda, 0xe, 0x4f,
    0xc0, 0xd0, 0x69, 0x5c, 0xd, 0x7, 0x1f, 0xc0,
    0xc2, 0xf2, 0xd7, 0x9b, 0x9, 0xff, 0xf0, 0x7f,
    0xf1, 0x0,

    /* U+5728 "在" */
    0xe, 0x60, 0xff, 0xe0, 0x70, 0x7f, 0x9b, 0xad,
    0xf4, 0x7f, 0xea, 0xc8, 0xae, 0x9, 0x41, 0xeb,
    0xd, 0xc1, 0xcf, 0x83, 0x73, 0x40, 0x7c, 0x53,
    0xfa, 0x4, 0xe7, 0x4f, 0x7, 0x9c, 0x35, 0x87,
    0x9c, 0x33, 0x87, 0x9c, 0xab, 0xfa, 0x3, 0xbf,
    0x54, 0xa0,

    /* U+5730 "地" */
    0xf, 0xfe, 0x26, 0x83, 0x56, 0x1e, 0xd0, 0x6a,
    0xc4, 0x27, 0xd1, 0xab, 0xf1, 0x7d, 0x1f, 0xa9,
    0x85, 0xab, 0xeb, 0x1c, 0x2d, 0x2c, 0x71, 0xc2,
    0xd0, 0x60, 0xc7, 0xb, 0x47, 0x2, 0x38, 0x5a,
    0x38, 0x4f, 0x82, 0xfa, 0xc2, 0xa0, 0x4f, 0xa7,
    0x90, 0xb0, 0x70, 0x57, 0xf8, 0x3f, 0xe6, 0x40,

    /* U+573A "场" */
    0xf, 0x32, 0xc1, 0xd6, 0x7, 0xf8, 0x33, 0x87,
    0x7a, 0xc, 0xe1, 0x3e, 0x43, 0x5f, 0x4f, 0xf8,
    0x17, 0xa4, 0xbc, 0xd8, 0x6c, 0x2f, 0x3, 0xc1,
    0xb4, 0xb0, 0x7c, 0x1b, 0x40, 0x9e, 0x70, 0xdd,
    0x1, 0x63, 0x84, 0xfc, 0xda, 0x38, 0x3e, 0x47,
    0x4b, 0xc0, 0x50, 0x64, 0xa, 0x0,

    /* U+575A "坚" */
    0xf, 0xfe, 0x2b, 0x81, 0xe5, 0x7, 0x38, 0x1f,
    0xe0, 0x6a, 0xc3, 0x9f, 0x3, 0x6c, 0xa, 0x3c,
    0x16, 0xd8, 0x2f, 0x83, 0x6d, 0x85, 0xf2, 0x16,
    0xd0, 0x14, 0x2e, 0xf, 0xb4, 0x3f, 0x96, 0xeb,
    0x7, 0x5f, 0xf8, 0x3f, 0xb8, 0x3e, 0x5e, 0xe5,
    0xe1, 0xff, 0xfe, 0x0, 0x7f, 0xf0, 0xc0,

    /* U+578B "型" */
    0xf, 0xfe, 0xf, 0xf8, 0x2c, 0x16, 0xda, 0x4e,
    0x7, 0x2c, 0x1b, 0xa5, 0x96, 0xd, 0xdb, 0xfd,
    0x6e, 0x9e, 0x6d, 0xa, 0x87, 0xe, 0x7, 0xd1,
    0x40, 0x40, 0xb8, 0x3e, 0xc3, 0xea, 0x7f, 0x90,
    0xab, 0x72, 0x13, 0x2d, 0x72, 0xc5, 0xff, 0xe4,
    0x3f, 0xf8, 0x0,

    /* U+586B "填" */
    0xf, 0xd6, 0x1e, 0x42, 0xbf, 0xc0, 0x70, 0x95,
    0x75, 0xd, 0xe8, 0xbf, 0xc5, 0xe9, 0x3d, 0x2a,
    0xc0, 0xe1, 0x7f, 0xc0, 0x70, 0xae, 0xaf, 0x1,
    0xc2, 0xba, 0xb8, 0xe, 0x13, 0xfd, 0x5, 0x81,
    0xbb, 0xf2, 0x3f, 0x3e, 0xac, 0x97, 0x90, 0x58,
    0x5c, 0x21, 0xd2, 0x13, 0xa1, 0xff, 0xc2,

    /* U+5907 "备" */
    0x4, 0x1f, 0xf3, 0xff, 0xc8, 0x2d, 0x75, 0xf2,
    0xe, 0x89, 0x7a, 0x9, 0xdf, 0xe4, 0x39, 0x5e,
    0xa7, 0xe4, 0x7d, 0x6, 0x6f, 0x14, 0xff, 0xe0,
    0x9e, 0x9e, 0x5b, 0x47, 0xff, 0xc8, 0x2d, 0x56,
    0xb7, 0x1, 0xd5, 0x72, 0xb8, 0xf, 0xff, 0x21,
    0xff, 0xc2,

    /* U+590D "复" */
    0xf, 0xfe, 0x16, 0x1c, 0xb0, 0x2f, 0xfe, 0x7,
    0xab, 0xe4, 0xbf, 0xfc, 0x37, 0x2d, 0x2b, 0x3f,
    0xf4, 0xe2, 0xbc, 0xbd, 0x61, 0x5f, 0xf4, 0x17,
    0xa8, 0xb8, 0x2f, 0xfe, 0x87, 0x2a, 0xfa, 0xc,
    0xff, 0x48, 0x4f, 0x91, 0xbe, 0x83, 0xfc, 0x80,

    /* U+5916 "外" */
    0xf, 0xfe, 0x2e, 0x1b, 0x43, 0xd6, 0x1b, 0x43,
    0xdf, 0x50, 0xd0, 0xe7, 0xa7, 0x9d, 0xe, 0xb0,
    0x39, 0xda, 0x16, 0x83, 0x8e, 0x9e, 0x1c, 0x9d,
    0x34, 0x10, 0x15, 0xf0, 0x38, 0x3f, 0x7a, 0x38,
    0x3e, 0x74, 0x1c, 0x1f, 0x70, 0x5c, 0x1e, 0x70,
    0xdc, 0x1e, 0x60, 0xdc, 0x1f, 0xfc, 0x60,

    /* U+591A "多" */
    0xe, 0x50, 0x7f, 0xbe, 0xf, 0xcf, 0xfe, 0x41,
    0x70, 0x81, 0x5c, 0x5, 0x16, 0x37, 0x90, 0xcd,
    0xfa, 0x50, 0x2f, 0xa5, 0xbe, 0x85, 0xd, 0xf9,
    0x9, 0xbe, 0x9f, 0x21, 0x5c, 0x48, 0x2f, 0x7,
    0xae, 0xfc, 0x6, 0xfe, 0x94, 0x17, 0xa5, 0x7,
    0xff, 0x20,

    /* U+5927 "大" */
    0xf, 0x90, 0xff, 0xac, 0x3f, 0xed, 0xf, 0x2a,
    0x9f, 0xf8, 0xff, 0x51, 0x60, 0xeb, 0xf, 0xfb,
    0x40, 0x87, 0xd6, 0x17, 0x7, 0x3a, 0x13, 0xa1,
    0xbc, 0x1d, 0x61, 0x3a, 0x1e, 0xf0, 0x3c, 0x1f,
    0xb4, 0x90, 0xff, 0x0,

    /* U+5929 "天" */
    0xf, 0xfe, 0x1d, 0xff, 0xa0, 0xaa, 0x79, 0x41,
    0xfd, 0xa1, 0xff, 0x68, 0x79, 0x7b, 0x5e, 0x7,
    0xff, 0xf0, 0x3, 0x5a, 0x21, 0xf3, 0xa3, 0xa1,
    0xee, 0xa, 0xd0, 0xde, 0xe, 0xb4, 0x16, 0x1f,
    0x58, 0x7f, 0xf0, 0x80,

    /* U+592A "太" */
    0xf, 0xa0, 0xff, 0x9d, 0xf, 0xf7, 0x80, 0xb0,
    0x15, 0x4f, 0xf4, 0x7f, 0x96, 0xf, 0x9c, 0x3f,
    0xee, 0x28, 0x1f, 0x3a, 0x3a, 0x1e, 0xf8, 0x16,
    0x1c, 0xef, 0x81, 0xe0, 0xdc, 0xe, 0x7, 0x81,
    0x61, 0xfb, 0x49, 0xf, 0xf0,

    /* U+5931 "失" */
    0xf, 0xfe, 0x1f, 0x5, 0x61, 0xee, 0x5b, 0x94,
    0x13, 0xff, 0xe0, 0x58, 0x2d, 0xf, 0x28, 0x1c,
    0x19, 0x42, 0xd7, 0xfe, 0x3f, 0xa8, 0xa0, 0xf5,
    0x84, 0xe1, 0xce, 0x86, 0xf0, 0x6f, 0x7, 0xb8,
    0xe, 0x1f, 0x38, 0x48, 0x7f, 0x80,

    /* U+5934 "头" */
    0xc, 0x86, 0x43, 0xe7, 0x41, 0x61, 0xe4, 0xb5,
    0x68, 0x73, 0xa4, 0xf0, 0x7d, 0x69, 0x61, 0xfc,
    0x8e, 0x81, 0x60, 0x55, 0xff, 0xc3, 0xeb, 0xcb,
    0x83, 0xf6, 0x83, 0xf, 0xde, 0xb, 0xc1, 0xeb,
    0xe, 0xf0, 0x76, 0x87, 0xbc, 0x1a, 0xf, 0xd0,
    0x0,

    /* U+594F "奏" */
    0xf, 0x28, 0x3f, 0x2a, 0x9f, 0xd0, 0x6f, 0xfc,
    0x87, 0x9f, 0xf0, 0x7c, 0xde, 0xae, 0x42, 0xff,
    0xf2, 0x15, 0xe9, 0x77, 0x83, 0x7a, 0xfc, 0x9e,
    0x7, 0x81, 0x68, 0x68, 0xb, 0x5e, 0xbe, 0x83,
    0x7f, 0x55, 0xa1, 0xde, 0xc, 0xf0, 0x76, 0x1e,
    0x60, 0xff, 0xe2, 0x0,

    /* U+597D "好" */
    0xf, 0xfe, 0x2e, 0x9d, 0x14, 0x4, 0xb0, 0x53,
    0xf1, 0xfc, 0x85, 0x70, 0x3c, 0xc8, 0x2e, 0xb,
    0x43, 0xb8, 0x2f, 0xe, 0x16, 0xb1, 0xe3, 0x9b,
    0xf8, 0x1f, 0x17, 0x70, 0x67, 0x83, 0x50, 0x35,
    0xe4, 0x2b, 0xd, 0xb2, 0x7e, 0xf, 0xe5, 0xc0,

    /* U+59CB "始" */
    0xf, 0xc8, 0x7d, 0xc1, 0x38, 0x79, 0xd0, 0xb8,
    0x1c, 0x3f, 0x4a, 0xc0, 0xf8, 0x17, 0x7f, 0xf2,
    0x71, 0xcc, 0x87, 0xb2, 0xc0, 0xba, 0x47, 0x38,
    0xbf, 0xc5, 0xf0, 0x2c, 0x27, 0x5, 0xe4, 0x70,
    0xac, 0xf, 0x78, 0xd0, 0x50, 0x1c, 0x8, 0xfe,
    0x80, 0x87, 0x96, 0x8,

    /* U+5B50 "子" */
    0x9, 0x60, 0xff, 0x3f, 0xf8, 0x3f, 0xcd, 0xe0,
    0xff, 0xbc, 0x1f, 0xf7, 0x83, 0xfe, 0xb0, 0xf9,
    0x7b, 0xd5, 0x78, 0x1f, 0xfa, 0xb0, 0x7c, 0xe1,
    0xff, 0xc0, 0x70, 0xff, 0xe0, 0x5a, 0x1f, 0xd7,
    0xa0, 0xff, 0x90, 0xfc,

    /* U+5B57 "字" */
    0xf, 0x61, 0xff, 0x3c, 0xb8, 0x17, 0xff, 0xa2,
    0xc3, 0xf7, 0xa, 0x25, 0xc0, 0xd0, 0xdf, 0xe1,
    0xf, 0xd7, 0x7, 0xf7, 0x90, 0xfe, 0x7d, 0x57,
    0x8f, 0xfe, 0xa8, 0x58, 0x14, 0xf, 0xf3, 0xe0,
    0xff, 0x78, 0x3f, 0xf8, 0xe0,

    /* U+5B58 "存" */
    0xc, 0xc1, 0xff, 0xc0, 0xe0, 0xfe, 0xff, 0xfe,
    0x0, 0x15, 0xe5, 0xfc, 0x13, 0xa3, 0x7e, 0xd,
    0xe8, 0xb9, 0xe0, 0x9f, 0x41, 0x9c, 0x37, 0x70,
    0x4f, 0xa8, 0xac, 0xab, 0xfe, 0x54, 0x50, 0x5b,
    0xf, 0xa8, 0x1b, 0x43, 0xd4, 0x5, 0x34, 0x3d,
    0x41, 0xf8, 0x30,

    /* U+5B66 "学" */
    0x2, 0x5, 0x5, 0x21, 0xb8, 0xb0, 0x3c, 0x13,
    0x45, 0x4d, 0xea, 0xf, 0xff, 0xf0, 0x7, 0x2,
    0xc1, 0xac, 0x10, 0x3f, 0xc3, 0x7, 0xeb, 0xc1,
    0xfe, 0xb8, 0x3f, 0xef, 0x53, 0xe1, 0xff, 0xea,
    0x20, 0xa2, 0x8b, 0xf, 0xfa, 0x98, 0x7f, 0xdf,
    0x7, 0xff, 0x20,

    /* U+5B87 "宇" */
    0xf, 0x41, 0xfc, 0xab, 0x96, 0x81, 0xff, 0xfc,
    0x3, 0x83, 0xf7, 0x1c, 0xdf, 0xd4, 0x42, 0xbb,
    0x94, 0x1f, 0xdc, 0x1f, 0x96, 0xf5, 0x5a, 0x7f,
    0xf5, 0x0, 0x86, 0xb0, 0xff, 0x9c, 0x3f, 0xd7,
    0x83, 0xf9, 0xd0, 0xff, 0xe3, 0x80,

    /* U+5B89 "安" */
    0xf, 0x41, 0xf9, 0x77, 0x2a, 0x89, 0xff, 0xfc,
    0x3, 0x43, 0xf7, 0x9, 0x61, 0xe9, 0x3, 0xe5,
    0x57, 0x3, 0xff, 0xd0, 0x56, 0x1e, 0x83, 0x79,
    0xa, 0xf2, 0x13, 0xfe, 0x43, 0xcf, 0xf2, 0x1a,
    0xf4, 0x6, 0xf4, 0xe, 0xf, 0x9d, 0xf, 0xfe,
    0x8,

    /* U+5B8C "完" */
    0xe, 0x43, 0xfe, 0xe0, 0xe7, 0xff, 0xcd, 0x3,
    0xe7, 0x64, 0x97, 0x16, 0x1b, 0xf9, 0x10, 0xff,
    0xe1, 0x7f, 0xf2, 0xa, 0x73, 0x72, 0x1a, 0xc2,
    0xd0, 0xed, 0xa, 0xc9, 0x2c, 0x33, 0xf2, 0x28,
    0x3a, 0x40,

    /* U+5B99 "宙" */
    0xf, 0x21, 0xfc, 0xb1, 0xc1, 0xe7, 0xff, 0xf8,
    0x0, 0xd0, 0xfd, 0x60, 0x83, 0x38, 0x64, 0x39,
    0x57, 0xf2, 0x17, 0xfa, 0x8f, 0x5, 0xa0, 0x70,
    0xb8, 0x17, 0x4f, 0xe3, 0x81, 0xf5, 0x3c, 0xa3,
    0x82, 0xc2, 0x70, 0xb8, 0x2e, 0x55, 0xad, 0xc1,
    0x7f, 0xf9, 0xf, 0xfe, 0x18,

    /* U+5B9A "定" */
    0xe, 0x43, 0xff, 0x83, 0xe5, 0xd2, 0xb, 0xff,
    0xe0, 0x72, 0xe0, 0xdc, 0xe, 0xc, 0xbb, 0x40,
    0xab, 0xfd, 0x7, 0x96, 0xb0, 0xfe, 0x40, 0xf2,
    0xc1, 0xdc, 0x3f, 0xc1, 0xad, 0x1c, 0x3f, 0x7c,
    0x90, 0x7d, 0xe3, 0xcb, 0xd4, 0x6, 0x83, 0xff,
    0x7, 0xff, 0xc,

    /* U+5B9E "实" */
    0xf, 0x41, 0xfc, 0xb5, 0xd7, 0x20, 0xff, 0xfe,
    0x0, 0x34, 0x60, 0xeb, 0x6, 0x8f, 0x87, 0x38,
    0x9, 0x2, 0x9c, 0x1f, 0x78, 0x78, 0x3f, 0x95,
    0xc2, 0xc1, 0x7f, 0xfc, 0x14, 0xfa, 0x44, 0x3e,
    0xb4, 0x2f, 0x21, 0xad, 0xc, 0xde, 0x41, 0x21,
    0xfa, 0x0,

    /* U+5BB6 "家" */
    0xf, 0xa0, 0xfc, 0xba, 0xd7, 0x5, 0x7f, 0xfc,
    0xe, 0x2b, 0x92, 0xc1, 0x23, 0x7e, 0x18, 0x3a,
    0xfa, 0x2, 0x1b, 0xea, 0x6a, 0xf0, 0x69, 0x57,
    0xae, 0xe, 0xbe, 0xba, 0x61, 0xbd, 0x35, 0x8f,
    0x4, 0xab, 0xd4, 0xc1, 0xc1, 0x79, 0x57, 0x80,
    0xc1, 0xeb, 0x90, 0xff, 0xe3, 0x80,

    /* U+5BB9 "容" */
    0xf, 0xfe, 0x2a, 0xbc, 0xaa, 0x91, 0xff, 0xfe,
    0x0, 0xe1, 0xc8, 0x54, 0x1c, 0xf1, 0xe3, 0x58,
    0x2b, 0x7c, 0x96, 0x84, 0xed, 0xf4, 0x5c, 0x1a,
    0xd2, 0xf2, 0xc1, 0x5c, 0xd3, 0xe8, 0x27, 0xfd,
    0x7e, 0x5, 0x34, 0x36, 0x88, 0x6f, 0x2e, 0xd0,
    0xf3, 0xfe, 0xc,

    /* U+5BC6 "密" */
    0xf, 0x68, 0x7d, 0xff, 0xfc, 0x2, 0xd7, 0xa8,
    0xab, 0x2d, 0x10, 0x70, 0x1c, 0x16, 0xe9, 0x7c,
    0x1b, 0x8f, 0xe7, 0xc1, 0x2b, 0xe8, 0x27, 0x81,
    0xeb, 0xfc, 0xb0, 0x73, 0x52, 0x83, 0xd0, 0x5c,
    0x7, 0xd, 0x85, 0xc0, 0x70, 0x9e, 0x57, 0x2a,
    0xc3, 0x7f, 0xf8, 0x0,

    /* U+5C06 "将" */
    0xf, 0xfe, 0x2e, 0x96, 0x1f, 0xda, 0x79, 0x70,
    0x5b, 0xb7, 0xfc, 0xb, 0xce, 0xd0, 0x1a, 0x13,
    0xa0, 0x7f, 0x7, 0x68, 0x2f, 0x41, 0xed, 0x3c,
    0x9c, 0x1a, 0xd5, 0x34, 0xf9, 0x1f, 0x5f, 0xf4,
    0x9f, 0x20, 0x40, 0xe0, 0xb3, 0x47, 0x3, 0x87,
    0x68, 0x3a, 0x78, 0x3b, 0x43, 0x50, 0x20,

    /* U+5C0F "小" */
    0xf, 0x21, 0xff, 0xc1, 0xe0, 0xff, 0xe0, 0x70,
    0x7f, 0xf0, 0x28, 0x1f, 0xda, 0x58, 0x10, 0xeb,
    0x5, 0x96, 0x1d, 0xc0, 0x70, 0x78, 0x27, 0x9,
    0xc2, 0xe0, 0x70, 0x4e, 0x13, 0x2, 0xc, 0xe1,
    0xff, 0x5e, 0xf, 0xe7, 0xc8, 0x7f, 0xc8, 0x7f,
    0x0,

    /* U+5C31 "就" */
    0xc, 0x87, 0xff, 0x3, 0xd4, 0x4a, 0x30, 0x3f,
    0xc9, 0xce, 0x15, 0x19, 0x5f, 0x48, 0x1f, 0xe6,
    0xfc, 0x16, 0x7, 0x1d, 0xc3, 0x6a, 0xb2, 0x8e,
    0x1b, 0xf4, 0x73, 0x87, 0x3c, 0xd, 0x58, 0x4e,
    0xfc, 0xe3, 0x85, 0xe3, 0x4b, 0x1c, 0x28, 0xb4,
    0xe1, 0xf2, 0x14, 0x81, 0x9, 0x40,

    /* U+5C42 "层" */
    0x7, 0xfe, 0x80, 0xeb, 0xeb, 0x3, 0xa8, 0x33,
    0x82, 0xff, 0x53, 0x7, 0xd, 0x3f, 0x3, 0x83,
    0xc8, 0x5b, 0x7f, 0x82, 0xc0, 0xb5, 0x3a, 0x3f,
    0xfe, 0xa7, 0x4d, 0xa, 0x4a, 0x16, 0x2a, 0xe3,
    0x8b, 0xfa, 0xc5, 0x2, 0x43, 0x20,

    /* U+5C4F "屏" */
    0xf, 0xf2, 0x83, 0x5f, 0xfd, 0x2, 0xea, 0x58,
    0x16, 0xb, 0xf, 0xd6, 0xb, 0xbf, 0xf4, 0xb,
    0x17, 0xa5, 0x4, 0xe0, 0x70, 0x72, 0x80, 0xe5,
    0xff, 0x40, 0x71, 0xb9, 0x58, 0x67, 0xb, 0x47,
    0xc, 0xf7, 0xff, 0x2, 0xc7, 0xca, 0xb9, 0x7,
    0xe, 0x81, 0xc3, 0x21, 0x21, 0x38, 0x40,

    /* U+5C55 "展" */
    0xf, 0xfe, 0x1d, 0xff, 0xc1, 0x74, 0x5f, 0x68,
    0x35, 0x83, 0xb4, 0x1b, 0xff, 0x91, 0xc0, 0xa0,
    0x32, 0x7, 0x1f, 0x37, 0xa0, 0x59, 0xff, 0x40,
    0xb0, 0x58, 0x3d, 0x27, 0x4f, 0xfd, 0x1d, 0x3c,
    0xa3, 0xca, 0x34, 0xb1, 0x7, 0xa3, 0x4b, 0xe0,
    0x3a, 0x41, 0x48, 0x68,

    /* U+5CB8 "岸" */
    0xf, 0xfe, 0x4f, 0x1, 0xc2, 0x70, 0xb4, 0x16,
    0x13, 0xdf, 0xf8, 0x34, 0xb0, 0x66, 0xd, 0xfa,
    0xbc, 0x15, 0xff, 0xe0, 0xac, 0x32, 0xf0, 0x54,
    0x3f, 0xe0, 0xdc, 0x5, 0x70, 0x7b, 0x83, 0x72,
    0xc1, 0x77, 0xff, 0x27, 0x97, 0xb4, 0x3a, 0xf,
    0x61, 0xff, 0xc7,

    /* U+5D2D "崭" */
    0xf, 0xfe, 0x45, 0x87, 0xce, 0x15, 0x85, 0xa0,
    0x75, 0xbd, 0x56, 0x85, 0xff, 0xe0, 0xcc, 0x1c,
    0xa9, 0x3, 0xfc, 0x7e, 0x41, 0xea, 0x2d, 0x87,
    0xac, 0xd1, 0xd5, 0x40, 0x5f, 0xa7, 0xf4, 0x1d,
    0xc3, 0x96, 0x13, 0x4f, 0xac, 0x70, 0xbd, 0x79,
    0xb1, 0xc3, 0xdc, 0x58, 0xe1, 0xff, 0xc4,

    /* U+5DE9 "巩" */
    0xf, 0xfe, 0x47, 0xf9, 0x2, 0xf6, 0xbb, 0x81,
    0xf9, 0xc3, 0x68, 0x5c, 0x38, 0x6d, 0xb, 0x87,
    0x61, 0xc3, 0x70, 0xee, 0x38, 0x6d, 0x1c, 0xdb,
    0xd, 0xa3, 0x97, 0x40, 0xda, 0x38, 0x5c, 0x13,
    0xf5, 0x85, 0xa0, 0xbd, 0x2b, 0xb, 0x43, 0xee,
    0xa, 0xf0, 0x7a, 0xf, 0x40,

    /* U+5DF2 "已" */
    0xf, 0xfe, 0x3, 0xff, 0xe0, 0xe5, 0xeb, 0xf,
    0xf3, 0x81, 0xf, 0xac, 0x75, 0xd5, 0x78, 0x7f,
    0xf4, 0x8e, 0x1f, 0xe7, 0xf, 0xd0, 0xe1, 0xf3,
    0x83, 0xf, 0x36, 0xf, 0xfe, 0x80, 0xbe, 0xe,

    /* U+5E08 "师" */
    0xf, 0xfe, 0x2e, 0xdf, 0xf0, 0x6d, 0x53, 0xca,
    0x3, 0x9a, 0x16, 0x86, 0x73, 0x45, 0x7a, 0xa1,
    0xcd, 0xff, 0xc0, 0xcd, 0xd3, 0x81, 0x81, 0x37,
    0x4e, 0x1c, 0x36, 0xe9, 0xc3, 0x86, 0xde, 0x38,
    0x70, 0x9c, 0xe3, 0x8b, 0xb, 0x8e, 0x3a, 0x70,
    0x1c, 0xa, 0x38, 0x3c, 0x87, 0x50, 0x30,

    /* U+5E18 "帘" */
    0xe, 0x60, 0xfe, 0x5a, 0xeb, 0xc0, 0xff, 0xfe,
    0x0, 0xe0, 0x82, 0xa1, 0x63, 0x96, 0x13, 0xbc,
    0x13, 0xa5, 0x96, 0x86, 0x60, 0x50, 0x8, 0x77,
    0xff, 0x21, 0xb5, 0xb9, 0x5c, 0x1b, 0x41, 0xa0,
    0xe0, 0xdc, 0xd, 0x6, 0x86, 0x91, 0xc1, 0x61,
    0xf9, 0xc3, 0xe0,

    /* U+5E38 "常" */
    0xf, 0xfe, 0x1b, 0x2, 0xc1, 0x21, 0x38, 0x2c,
    0x1c, 0x6, 0xf5, 0xeb, 0xd2, 0x7a, 0xbb, 0xd7,
    0x8d, 0xbf, 0xd4, 0xc8, 0xe8, 0xb5, 0x87, 0x75,
    0xde, 0xe, 0xff, 0xa0, 0xf2, 0xb9, 0x54, 0x5,
    0xff, 0xe4, 0xe0, 0x38, 0x6d, 0x28, 0x16, 0x17,
    0x91, 0x41, 0x61, 0x48, 0x7f, 0xf0, 0x80,

    /* U+5E55 "幕" */
    0xf, 0xf2, 0x1a, 0x9e, 0xbf, 0xe1, 0xff, 0xe9,
    0x41, 0x9c, 0x36, 0x1e, 0xbf, 0xf4, 0x1b, 0xfe,
    0x7c, 0x13, 0xff, 0x3c, 0x1a, 0xff, 0xc8, 0x75,
    0xf5, 0x65, 0x1, 0xff, 0xf2, 0x17, 0xa7, 0xc9,
    0x70, 0x3f, 0xfc, 0xa0, 0x47, 0x16, 0x78, 0x3d,
    0xc3, 0x92, 0x1f, 0xfc, 0x50,

    /* U+5E74 "年" */
    0x2, 0x1f, 0xeb, 0x9, 0x74, 0xf, 0xff, 0x3,
    0x96, 0xc3, 0xd8, 0xb6, 0xb0, 0x6b, 0xfe, 0xd,
    0x60, 0xd0, 0xf3, 0x83, 0x43, 0xce, 0xd, 0xf,
    0x5d, 0x3f, 0xa9, 0xff, 0x4a, 0x2, 0x1b, 0x43,
    0xfd, 0xa1, 0xff, 0xc4,

    /* U+5E8A "床" */
    0xf, 0x94, 0x1f, 0xfc, 0xe, 0xf, 0xbf, 0xfe,
    0xb, 0x83, 0xff, 0x81, 0xa1, 0xb0, 0xf3, 0x94,
    0x6d, 0xe, 0xb3, 0xff, 0x20, 0xb0, 0x3f, 0x7,
    0xb8, 0x1e, 0x7c, 0x86, 0xd2, 0xc7, 0xbd, 0x3,
    0x4e, 0x1c, 0x16, 0x39, 0xe0, 0x38, 0x73, 0x12,
    0xb, 0xf, 0xfe, 0x38,

    /* U+5E8F "序" */
    0xf, 0x90, 0xf9, 0x40, 0xb0, 0xf5, 0xff, 0xf1,
    0x62, 0xc0, 0x58, 0x14, 0x1f, 0xe8, 0x2e, 0x2,
    0xdf, 0x5, 0xc0, 0xe9, 0xc1, 0xb4, 0x17, 0xcd,
    0x1, 0xdf, 0xfc, 0x9a, 0xe2, 0xc7, 0x6, 0x86,
    0xb1, 0xc1, 0x85, 0x4f, 0x7, 0xf5, 0xe8, 0x30,

    /* U+5EA6 "度" */
    0xf, 0xa0, 0xfc, 0xd6, 0xe5, 0xc1, 0x7f, 0xfc,
    0x16, 0x9a, 0xe, 0x43, 0x6f, 0xfd, 0x6, 0xc7,
    0x95, 0xc1, 0xd8, 0x3f, 0x90, 0xce, 0xa, 0xf0,
    0x67, 0x1f, 0xf2, 0x15, 0x82, 0x9, 0xc3, 0x70,
    0x3d, 0x7c, 0x1b, 0x47, 0xfd, 0x4, 0x8f, 0x90,
    0x36, 0x1f, 0xfc, 0x40,

    /* U+5EFA "建" */
    0xf, 0xfe, 0x4b, 0x87, 0xc8, 0x3f, 0xe0, 0x9f,
    0x2e, 0xe9, 0xc1, 0x3b, 0xff, 0x82, 0xe2, 0xaf,
    0xa0, 0x9d, 0x1f, 0xe4, 0x27, 0xc8, 0xae, 0x43,
    0xde, 0x3f, 0x90, 0xed, 0x15, 0xe5, 0x81, 0xf1,
    0xff, 0x40, 0xbc, 0xbb, 0xca, 0xa, 0xef, 0xfd,
    0x4, 0x8d, 0x16, 0xc,

    /* U+5F00 "开" */
    0xf, 0xfe, 0x25, 0xff, 0xc8, 0x67, 0x96, 0xb9,
    0xe, 0xc3, 0xb0, 0xf3, 0x87, 0x68, 0x73, 0x87,
    0x68, 0x4a, 0xb9, 0x54, 0xe8, 0xf, 0xff, 0xe0,
    0x6, 0x70, 0xed, 0xe, 0xb0, 0xee, 0xe, 0xe0,
    0xee, 0xc, 0xe1, 0xee, 0xd, 0xc1, 0xea, 0x4,
    0xe1, 0xf5, 0x3, 0xff, 0x88,

    /* U+5F20 "张" */
    0xf, 0xfe, 0x1b, 0x52, 0xb0, 0x90, 0x3f, 0xce,
    0x7, 0x43, 0xb9, 0xc1, 0xc1, 0xed, 0x59, 0x61,
    0xbf, 0xe, 0x4, 0x37, 0x28, 0xba, 0x7c, 0xc,
    0x2f, 0xf2, 0x87, 0x5d, 0x65, 0x86, 0xfc, 0xac,
    0x1c, 0x1e, 0xdb, 0x5, 0x87, 0xb6, 0xd8, 0xe0,
    0x5d, 0xb7, 0xc3, 0x85, 0x4c, 0x12, 0x12, 0x0,

    /* U+5F55 "录" */
    0xf, 0xfe, 0x27, 0xff, 0x21, 0x97, 0xf6, 0x87,
    0x7f, 0xe0, 0xf5, 0x7b, 0xc1, 0x97, 0xf5, 0xa1,
    0x7f, 0xff, 0x0, 0x25, 0x3, 0x83, 0xf7, 0x81,
    0x60, 0x90, 0xed, 0x6e, 0x9a, 0x1c, 0xf9, 0xfa,
    0xe, 0xf4, 0xd, 0xb8, 0x2f, 0x1, 0xf0, 0x1f,
    0x1, 0xb, 0x83, 0x90, 0xff, 0xe1, 0x80,

    /* U+5F81 "征" */
    0xf, 0xfe, 0x23, 0xab, 0xfe, 0x5, 0xc0, 0xa3,
    0xe4, 0xe, 0x87, 0xa8, 0x1c, 0xf0, 0x6e, 0xd,
    0x78, 0x3b, 0xf0, 0x2f, 0x2, 0x7, 0x28, 0x2b,
    0x6, 0x9a, 0x1c, 0xe0, 0xd3, 0x43, 0x9c, 0x1a,
    0x68, 0x73, 0x83, 0x4d, 0xe, 0x7b, 0xff, 0x20,
    0x71, 0x7f, 0x7, 0xff, 0xc,

    /* U+5F85 "待" */
    0xf, 0xfe, 0x23, 0x6, 0x70, 0xe7, 0xc0, 0x55,
    0xd0, 0xf, 0xa, 0xff, 0x5, 0x1e, 0x9, 0xc3,
    0xde, 0x55, 0x3f, 0x93, 0xca, 0xfd, 0x58, 0x7c,
    0x86, 0x5b, 0xc1, 0x6f, 0xff, 0x5, 0xa2, 0xa0,
    0xb4, 0x2e, 0x3, 0xc0, 0xd0, 0xb8, 0x27, 0x6,
    0x1b, 0x83, 0x4d, 0x86, 0xe0, 0x9f, 0xc1, 0xff,
    0xc4,

    /* U+5F88 "很" */
    0xf, 0xfe, 0x2f, 0x3f, 0xf0, 0x5e, 0x2d, 0x75,
    0x83, 0xc0, 0x7a, 0x8b, 0x2, 0x4a, 0xfc, 0x58,
    0x5e, 0x56, 0x2d, 0xe0, 0x7c, 0xd, 0xfc, 0x81,
    0xbc, 0x68, 0x81, 0xd, 0x66, 0xdb, 0xe0, 0xd6,
    0x69, 0x78, 0x3a, 0xce, 0x4f, 0x7, 0x59, 0x78,
    0x1e, 0xe, 0x43, 0xf8,

    /* U+5F97 "得" */
    0xf, 0x35, 0xb4, 0x2b, 0x9f, 0xd7, 0x87, 0xc9,
    0x77, 0xd6, 0x4, 0x7b, 0xae, 0xc1, 0x7a, 0x9f,
    0xf0, 0x3d, 0x2, 0x8b, 0x83, 0x70, 0xff, 0xa0,
    0xb8, 0xb, 0xb9, 0xb, 0x9f, 0xfc, 0x83, 0x8a,
    0x2d, 0xe4, 0x2d, 0x28, 0x15, 0x3, 0x68, 0xed,
    0xf0, 0x6d, 0x4, 0xaf, 0x41, 0xff, 0xc4,

    /* U+5FC5 "必" */
    0xf, 0xfa, 0xe, 0x50, 0x34, 0xf2, 0x1a, 0xc1,
    0x7c, 0x1b, 0xa6, 0x7, 0xc1, 0xda, 0xb1, 0xe1,
    0xc1, 0x63, 0xdc, 0x17, 0xa, 0x1f, 0x21, 0x9d,
    0xb, 0xc8, 0x79, 0x3, 0xf0, 0x7f, 0x3c, 0x7f,
    0xe0, 0xa0, 0x35, 0x2e, 0x0,

    /* U+5FD8 "忘" */
    0xf, 0xfe, 0x3f, 0x7, 0xe5, 0xd7, 0x5e, 0x7,
    0xff, 0x51, 0xd, 0x61, 0xff, 0xc0, 0x70, 0x95,
    0x7, 0xdf, 0xf0, 0x7c, 0xca, 0xf, 0xfe, 0x6,
    0x81, 0x83, 0x78, 0x16, 0x7, 0xa, 0xf8, 0xa,
    0x9f, 0x3, 0x4e, 0x9f, 0x22, 0x1c, 0xf9, 0xf,
    0xfe, 0x40,

    /* U+5FEB "快" */
    0xf, 0xfe, 0x2e, 0x81, 0xc3, 0xf6, 0x6, 0xc3,
    0xf6, 0x3f, 0xe4, 0x27, 0x80, 0xea, 0xe0, 0xaf,
    0x87, 0x1c, 0x2b, 0xc4, 0xc, 0xb0, 0xbe, 0xd,
    0xbc, 0x83, 0xb2, 0xff, 0x90, 0x39, 0x4f, 0x2c,
    0x1a, 0xc1, 0x63, 0x7, 0x58, 0xe8, 0xf0, 0x6b,
    0x38, 0x2b, 0x42, 0xb3, 0xe, 0xa0, 0x7f, 0xf0,
    0xc0,

    /* U+6027 "性" */
    0xf, 0xfe, 0x27, 0x6, 0x70, 0xf5, 0x7, 0x1c,
    0x3d, 0x41, 0xc7, 0xe8, 0x2b, 0x2f, 0xe9, 0xa,
    0xe7, 0xd6, 0x19, 0xef, 0x4, 0xe1, 0x9e, 0xc3,
    0x3d, 0x11, 0xec, 0x1f, 0xe8, 0xbb, 0x2, 0x38,
    0x66, 0x98, 0x76, 0x1e, 0x70, 0xed, 0xe, 0x73,
    0xff, 0x20, 0x71, 0x7f, 0x7, 0xff, 0xc,

    /* U+603B "总" */
    0xf, 0xca, 0xf, 0xb4, 0x2e, 0xf, 0xa8, 0xb,
    0x58, 0x33, 0x4f, 0xf8, 0x37, 0xa8, 0xb1, 0x61,
    0xac, 0x3d, 0xa1, 0x9d, 0x7a, 0xc3, 0xdf, 0xf4,
    0x1f, 0xc8, 0x7f, 0x30, 0x3c, 0x7, 0x9, 0xf2,
    0x8, 0x2e, 0x1e, 0x9d, 0x3e, 0xa6, 0x4, 0x7d,
    0x45, 0x2, 0x0,

    /* U+606F "息" */
    0xf, 0x41, 0xfd, 0x4f, 0xaa, 0xc, 0xff, 0xe4,
    0xf, 0xa8, 0xbb, 0x80, 0xff, 0xd7, 0x4, 0xed,
    0x77, 0x4, 0xfa, 0xbb, 0x82, 0x7f, 0xf2, 0x1a,
    0xb2, 0xe0, 0xcc, 0xd, 0x9, 0x3, 0xe8, 0xf3,
    0x4c, 0x1c, 0xf7, 0xd1, 0xc2, 0xb, 0x90, 0x94,
    0x1f, 0xfc, 0x10,

    /* U+60C5 "情" */
    0xf, 0xfe, 0x23, 0x81, 0x5e, 0xa8, 0x27, 0x1f,
    0xf8, 0x27, 0x2, 0xb8, 0x3d, 0x78, 0xff, 0x5,
    0x7c, 0xb7, 0xad, 0x7, 0xc7, 0xfe, 0x7, 0x63,
    0x5e, 0x3, 0xb8, 0xff, 0xc1, 0x38, 0xf5, 0xbc,
    0x13, 0x8f, 0xeb, 0xc1, 0x39, 0xfd, 0x38, 0x4e,
    0x5c, 0xab, 0xc1, 0x38, 0x30, 0x9d, 0xf, 0xfe,
    0x18,

    /* U+610F "意" */
    0xf, 0xfe, 0x3b, 0x86, 0x42, 0xbf, 0xfc, 0x13,
    0x79, 0x6b, 0xc, 0xff, 0xff, 0x0, 0x15, 0xfb,
    0xd4, 0xd, 0xff, 0xa0, 0xd7, 0x5c, 0xf0, 0x4f,
    0xfd, 0x70, 0x6b, 0xaf, 0x68, 0x67, 0xff, 0x7,
    0x50, 0x24, 0x2d, 0x5, 0xf3, 0xfa, 0xe0, 0x49,
    0xfa, 0x8a, 0x83, 0xff, 0x86,

    /* U+611F "感" */
    0xf, 0xe8, 0x43, 0x57, 0x2b, 0xb8, 0xf, 0xff,
    0xc0, 0x72, 0xb1, 0x61, 0x9d, 0xfc, 0x3e, 0x80,
    0xe2, 0xa8, 0x7c, 0x1b, 0x7f, 0x53, 0xa0, 0x3c,
    0x6a, 0xf1, 0x78, 0x10, 0x3e, 0x90, 0xff, 0xb4,
    0x1e, 0xd, 0xe0, 0x58, 0x5c, 0xf, 0xa5, 0xd4,
    0x70, 0x25, 0xff, 0x7, 0xff, 0x14,

    /* U+6162 "慢" */
    0xf, 0xfe, 0x25, 0x7, 0xfc, 0x1a, 0x85, 0xd4,
    0xe8, 0x56, 0x7d, 0x43, 0x41, 0xf3, 0x7f, 0x90,
    0x7c, 0x35, 0xe4, 0x7b, 0xbf, 0xf0, 0xf7, 0x36,
    0x71, 0x8f, 0x77, 0xfe, 0x1e, 0xca, 0xf9, 0x1d,
    0xcf, 0xf9, 0x1d, 0xc6, 0x6f, 0x20, 0x77, 0x2f,
    0xd2, 0x19, 0xce, 0x46, 0xc3, 0xff, 0x88,

    /* U+61C2 "懂" */
    0xf, 0xfe, 0x27, 0x3f, 0x4d, 0x86, 0xe1, 0xff,
    0x82, 0xe0, 0x30, 0x3d, 0x5, 0xc3, 0xfe, 0x41,
    0x79, 0xbf, 0x4a, 0x7, 0xcf, 0xfe, 0x7, 0xa2,
    0xff, 0x25, 0xe8, 0xf5, 0xfa, 0x3, 0xc7, 0xfd,
    0x5, 0xc3, 0xfe, 0x42, 0xd1, 0xff, 0x41, 0x68,
    0xd3, 0xca, 0xd, 0xa7, 0xfe, 0xf, 0xfe, 0x18,

    /* U+6210 "成" */
    0xf, 0xfe, 0x46, 0x87, 0xfd, 0xc0, 0xd0, 0x7f,
    0xfc, 0x3a, 0xf7, 0x94, 0xb, 0xe, 0xb0, 0xd7,
    0x28, 0x2d, 0xd2, 0xfd, 0x3, 0xe0, 0x70, 0x38,
    0x16, 0x83, 0x81, 0xa0, 0xf2, 0xd, 0x6, 0xf,
    0x58, 0x34, 0x72, 0xc7, 0x4d, 0x14, 0x48, 0x38,
    0x43, 0xf9, 0x40,

    /* U+6211 "我" */
    0xe, 0x43, 0xfe, 0xbc, 0xd, 0x10, 0xaf, 0x41,
    0x71, 0xa0, 0xde, 0xa, 0xcf, 0x6, 0xf3, 0x4f,
    0xe0, 0x7f, 0xa9, 0xc1, 0x95, 0x61, 0xb8, 0x3d,
    0x7a, 0x5, 0xc1, 0xaf, 0x48, 0x3e, 0x41, 0xeb,
    0x3, 0xf2, 0x1d, 0xe0, 0x92, 0x81, 0xbc, 0x1e,
    0x70, 0xd0, 0x7e, 0x80,

    /* U+6218 "战" */
    0xf, 0xfe, 0x2a, 0x15, 0x8, 0x39, 0xc2, 0x73,
    0xc1, 0x9e, 0x80, 0xc0, 0x86, 0x7d, 0xf, 0xf0,
    0x4e, 0x17, 0xd2, 0x19, 0xc3, 0x38, 0x77, 0xf4,
    0xd, 0x11, 0xd6, 0xf0, 0x3b, 0xc0, 0xd0, 0x50,
    0x1f, 0x5, 0xa0, 0xe3, 0xe0, 0xdc, 0xe, 0xf3,
    0xa1, 0x5a, 0xb5, 0x3, 0xd0, 0x1f, 0xc1, 0xce,
    0x87, 0xff, 0x8,

    /* U+623F "房" */
    0xf, 0x30, 0x7d, 0xca, 0xf5, 0xf4, 0xf, 0xf5,
    0x5e, 0x6, 0x87, 0xd6, 0xf, 0xff, 0x40, 0xf5,
    0x5a, 0xe0, 0xb8, 0xf, 0x2a, 0x80, 0xef, 0xfd,
    0x3, 0xa7, 0x90, 0xfb, 0x8f, 0xf9, 0x7, 0x4d,
    0x96, 0xe3, 0xce, 0x82, 0xad, 0x20, 0x41, 0x5f,
    0x0,

    /* U+624B "手" */
    0xf, 0xe4, 0x33, 0x4f, 0xe8, 0xf, 0xf2, 0x83,
    0xf5, 0x87, 0xcb, 0x7a, 0xb0, 0x2f, 0xfe, 0xf,
    0x38, 0x7f, 0x9c, 0x3b, 0xff, 0xe8, 0x32, 0xb9,
    0x70, 0x73, 0xa1, 0xf7, 0xe4, 0x3e, 0x90, 0xf8,

    /* U+624D "才" */
    0xf, 0xfe, 0x5e, 0x1f, 0xfc, 0x1c, 0x3a, 0xb2,
    0xd7, 0x28, 0x1f, 0xff, 0xc0, 0xf, 0x58, 0x34,
    0x3e, 0x74, 0x1a, 0x1f, 0x70, 0x5a, 0x1e, 0xf0,
    0x6d, 0xe, 0xb0, 0xed, 0xc, 0xe8, 0x77, 0x6,
    0xe0, 0x94, 0x70, 0x64, 0x35, 0xf4, 0x1f, 0xf3,
    0x6,

    /* U+6253 "打" */
    0xf, 0xfe, 0x23, 0x87, 0xe4, 0x27, 0x7, 0xfc,
    0x7, 0xe2, 0x55, 0xa1, 0x7c, 0x86, 0x70, 0xe7,
    0xe, 0x70, 0xe7, 0xe, 0x70, 0xe7, 0xe0, 0x9c,
    0x27, 0xf2, 0x13, 0x86, 0xa6, 0x1d, 0x61, 0xec,
    0x3a, 0xc3, 0x53, 0x9, 0x2c, 0x35, 0xe0, 0x5f,
    0x83, 0xc8, 0x65, 0x6,

    /* U+628A "把" */
    0xf, 0xfe, 0x2e, 0x1e, 0x50, 0x67, 0x8f, 0xf2,
    0xf, 0xcf, 0x4c, 0xd0, 0x9c, 0x18, 0xe6, 0x84,
    0xe0, 0xc7, 0x78, 0x27, 0xce, 0xfe, 0x42, 0xf9,
    0xd9, 0xe, 0xf8, 0x1a, 0x1f, 0x9c, 0x1a, 0x13,
    0x81, 0xb0, 0x72, 0xb, 0x7, 0xc0, 0xff, 0x41,
    0xff, 0x28, 0x0,

    /* U+62C6 "拆" */
    0xf, 0xfe, 0x26, 0x83, 0xfd, 0x5, 0xd1, 0xe5,
    0xc1, 0x7e, 0x70, 0xfd, 0x70, 0xe2, 0xd4, 0xb,
    0x87, 0xfd, 0x20, 0xe6, 0xc5, 0x61, 0xaf, 0xe7,
    0xe0, 0xde, 0x87, 0x1f, 0x90, 0xb8, 0x70, 0x3d,
    0x85, 0xc5, 0x81, 0xc3, 0x7a, 0x2c, 0xe, 0x1a,
    0xe1, 0x80, 0xe1, 0xc8, 0x79, 0xc2,

    /* U+62C9 "拉" */
    0xf, 0xfe, 0x23, 0x6, 0xd0, 0xf3, 0x84, 0xfa,
    0xe0, 0x9d, 0x5f, 0xa8, 0x82, 0xf9, 0xf, 0xef,
    0x83, 0xed, 0x9, 0xc0, 0xe0, 0x70, 0xcf, 0x2b,
    0x5, 0x85, 0x7c, 0x9a, 0x70, 0x5d, 0x85, 0xa6,
    0x87, 0x61, 0x6a, 0xc3, 0x53, 0x17, 0x79, 0x40,
    0xf8, 0xbf, 0xe0, 0xff, 0xe1, 0x80,

    /* U+62DF "拟" */
    0x2, 0x1f, 0xfc, 0x1d, 0x9, 0xc1, 0x86, 0xe1,
    0x8e, 0x30, 0xaf, 0x9c, 0x36, 0x15, 0xe6, 0xc3,
    0x61, 0xac, 0xb0, 0xd8, 0x6b, 0xa6, 0x1b, 0xa,
    0xfa, 0xc2, 0x70, 0x3f, 0x16, 0xa3, 0x83, 0x39,
    0x7a, 0xf4, 0x1a, 0xc0, 0x9e, 0x78, 0x1e, 0x42,
    0xb0, 0x38, 0x10, 0xe5, 0x7, 0x0,

    /* U+62E9 "择" */
    0xf, 0xfe, 0x23, 0x81, 0xf5, 0x10, 0xce, 0x15,
    0xfc, 0x13, 0x81, 0xa, 0xf0, 0x3f, 0x1e, 0xbc,
    0x84, 0xda, 0xf, 0xd2, 0x1b, 0x7, 0x95, 0x78,
    0x37, 0x8, 0xe1, 0xd7, 0xcd, 0xfc, 0x7, 0xb4,
    0xa, 0xd0, 0xf6, 0x84, 0xea, 0x83, 0x6a, 0xff,
    0x80, 0xfa, 0x65, 0x68, 0x75, 0x3, 0xb0, 0xff,
    0xe3, 0x0,

    /* U+62FC "拼" */
    0xf, 0xf9, 0xc, 0xc1, 0x68, 0xe1, 0x5e, 0x41,
    0x27, 0x90, 0x5f, 0x37, 0xf8, 0x27, 0x5, 0xe6,
    0xc3, 0x38, 0x56, 0x58, 0x76, 0xa2, 0xc7, 0xd,
    0x7a, 0x2c, 0x70, 0xbe, 0x6f, 0xf4, 0x1b, 0x47,
    0xd7, 0xc1, 0xb4, 0x70, 0x38, 0x6f, 0x3, 0x80,
    0xe1, 0x38, 0x5a, 0x7, 0xf, 0xfe, 0x20,

    /* U+62FF "拿" */
    0xf, 0xa0, 0xff, 0xaf, 0x41, 0xfa, 0xf5, 0xf4,
    0x85, 0x7f, 0xd7, 0xc0, 0xa1, 0x7a, 0xa0, 0x21,
    0xbf, 0xe4, 0x3d, 0xff, 0x21, 0xe7, 0xd5, 0x90,
    0xf7, 0xfe, 0xf, 0x55, 0xea, 0x83, 0xd5, 0x7a,
    0xa5, 0x2, 0xff, 0xf4, 0x5, 0x81, 0xa1, 0xff,
    0xc8,

    /* U+6301 "持" */
    0xf, 0xfe, 0x5b, 0x87, 0x30, 0x4a, 0xbc, 0x84,
    0xe0, 0x7f, 0x90, 0x37, 0x80, 0x96, 0x1a, 0xf4,
    0x5, 0x5d, 0x2, 0x70, 0x5f, 0xe0, 0xde, 0x43,
    0xb8, 0x17, 0xd7, 0xfc, 0xe, 0xe2, 0xe4, 0xd0,
    0xdc, 0xb, 0x6, 0x86, 0xa0, 0x48, 0x34, 0x2f,
    0x82, 0xab, 0xc, 0xa0, 0xd7, 0xc0,

    /* U+6302 "挂" */
    0xf, 0xfe, 0x23, 0x87, 0x61, 0xe7, 0x5, 0xfc,
    0x17, 0xd1, 0xfe, 0xa, 0xf9, 0x3, 0x87, 0x9c,
    0x7f, 0xe0, 0x9c, 0x6b, 0x2c, 0x13, 0xe8, 0x2d,
    0xc, 0xfa, 0x40, 0xea, 0xb, 0xe0, 0x7f, 0x90,
    0xd8, 0x15, 0x61, 0xf6, 0x1a, 0xc3, 0xbe, 0x3f,
    0xf0, 0x16, 0x17, 0xc1, 0x0,

    /* U+6307 "指" */
    0xf, 0xfe, 0x25, 0x1, 0x40, 0xb0, 0xd6, 0xe,
    0x7, 0x90, 0xac, 0x1c, 0x5a, 0x17, 0xe7, 0xa7,
    0x7, 0x5a, 0x5f, 0xe0, 0x9c, 0x39, 0x52, 0x13,
    0xe2, 0xff, 0x1, 0xf2, 0x72, 0xd6, 0xf, 0x81,
    0xcd, 0x1c, 0x36, 0x5f, 0xce, 0x13, 0x8f, 0x5,
    0x61, 0x78, 0x16, 0xb7, 0x80, 0xe1, 0x3f, 0xd0,
    0x7f, 0xf0, 0xc0,

    /* U+6309 "按" */
    0xf, 0x94, 0x1f, 0x68, 0x1f, 0x2e, 0xb, 0x8f,
    0xfc, 0x8f, 0x9d, 0xc, 0xe0, 0xf8, 0x4d, 0x9,
    0xa, 0x83, 0x74, 0xf4, 0x15, 0xf, 0xd4, 0xd0,
    0xac, 0x16, 0xf, 0x1, 0xbe, 0x3c, 0x78, 0x27,
    0xe4, 0x7e, 0xf, 0x38, 0x5f, 0x90, 0xaf, 0x3,
    0xc0, 0xb8, 0xc, 0x83, 0xc, 0xa0, 0xff, 0xe1,
    0x80,

    /* U+634F "捏" */
    0xf, 0xf2, 0x83, 0x70, 0x2f, 0xe8, 0x1f, 0x4f,
    0x28, 0xe0, 0x3e, 0xa6, 0xd1, 0xe0, 0xb8, 0xfd,
    0x3a, 0x17, 0x3, 0x96, 0xd0, 0xad, 0x3f, 0xc1,
    0x5f, 0x4, 0xe1, 0xdf, 0x1, 0xbe, 0x83, 0x58,
    0x2f, 0x90, 0xeb, 0xc, 0xe1, 0xd6, 0x9f, 0xf4,
    0x5, 0x6, 0x5a, 0xa0,

    /* U+636E "据" */
    0xf, 0xfe, 0x26, 0x83, 0xfd, 0x5, 0xc0, 0xe5,
    0xac, 0x1f, 0x4e, 0x13, 0x60, 0xbc, 0x3f, 0xf0,
    0x5c, 0x3c, 0xc8, 0x77, 0xe, 0xde, 0x83, 0x5e,
    0xbb, 0xf2, 0x7, 0xd4, 0xc1, 0xc1, 0xbd, 0x15,
    0x7e, 0x82, 0xb3, 0xba, 0x36, 0x15, 0x9d, 0xa0,
    0xb0, 0x3e, 0x3b, 0x95, 0x60, 0x60, 0x6f, 0xf4,
    0x1f, 0xfc, 0x30,

    /* U+63A5 "接" */
    0xf, 0x94, 0x19, 0x80, 0xaf, 0x2c, 0x3a, 0x7f,
    0xa9, 0xf0, 0x30, 0x70, 0xd8, 0x1f, 0x3a, 0x7,
    0x7, 0xf9, 0x1f, 0x2, 0xe, 0x7c, 0xab, 0xfd,
    0x78, 0xfa, 0xb2, 0xc, 0x1e, 0x1d, 0x3, 0x82,
    0xfc, 0x97, 0x2, 0xf5, 0xe8, 0x3a, 0x42, 0x50,

    /* U+63A8 "推" */
    0xf, 0xfe, 0x26, 0x82, 0x86, 0x1e, 0xd5, 0xe8,
    0xd0, 0xed, 0xbc, 0xdf, 0x87, 0xe6, 0xfe, 0x90,
    0x3c, 0x50, 0xe, 0x1d, 0xc7, 0x37, 0xe0, 0xbc,
    0x73, 0xf4, 0x85, 0xe7, 0x80, 0xe1, 0x3e, 0x8d,
    0xbf, 0x81, 0xe8, 0xd6, 0xb4, 0x35, 0xd, 0x3,
    0x86, 0x78, 0xe8, 0xda, 0x81, 0xe4, 0xff, 0xc1,
    0xff, 0xc3,

    /* U+63D0 "提" */
    0xf, 0xfe, 0x2a, 0xb, 0xf9, 0xa, 0xd3, 0x96,
    0xd0, 0x7e, 0x7f, 0x5a, 0x6, 0xc7, 0xd2, 0xb0,
    0xce, 0xb, 0xf8, 0x33, 0xc0, 0xa9, 0x41, 0x9f,
    0x37, 0xf8, 0x17, 0x93, 0xfa, 0x80, 0x6d, 0xd,
    0xca, 0xd, 0xa6, 0x9f, 0x82, 0x75, 0x7a, 0xe0,
    0xd7, 0x1e, 0xbf, 0x80, 0xa0, 0x21, 0xcc, 0x0,

    /* U+641E "搞" */
    0xf, 0xfe, 0x26, 0x1d, 0xc1, 0xed, 0x2a, 0xf2,
    0xc1, 0x69, 0xff, 0xa3, 0xe4, 0xbd, 0x50, 0x6e,
    0x7, 0xd7, 0x83, 0x68, 0x3f, 0x90, 0xdc, 0x5,
    0x57, 0x1, 0xf3, 0xff, 0x95, 0xe9, 0xc5, 0x81,
    0xa0, 0xe3, 0x7f, 0x1a, 0xe, 0x37, 0x6c, 0xc2,
    0xe3, 0x7b, 0x9c, 0x16, 0xd, 0xf9, 0xf0, 0x7f,
    0xf0, 0xc0,

    /* U+64CD "操" */
    0xf, 0xfe, 0x22, 0x7, 0xfd, 0x1, 0xc1, 0x72,
    0xdc, 0x7, 0x5, 0xd6, 0xd0, 0x5e, 0x1f, 0xf0,
    0x1f, 0x8a, 0x95, 0xd0, 0x2d, 0xbe, 0xa7, 0xd0,
    0x39, 0xef, 0x3d, 0xc3, 0xe5, 0x51, 0xa9, 0x2f,
    0x22, 0xd7, 0x50, 0x1d, 0x3f, 0xf0, 0x5a, 0xe,
    0x9c, 0x81, 0xb8, 0xf1, 0x7e, 0x1f, 0x26, 0x96,
    0x4, 0x3f, 0xf8, 0x60,

    /* U+64E6 "擦" */
    0xf, 0xd0, 0x7c, 0x97, 0xfe, 0x47, 0x3a, 0x2f,
    0x69, 0x73, 0x79, 0xe7, 0x6f, 0xaf, 0xd7, 0xc8,
    0xe0, 0x7d, 0x1f, 0x5, 0x8d, 0x35, 0x5a, 0x17,
    0xfe, 0xa6, 0xf, 0x9f, 0xb, 0xa0, 0x5a, 0x5f,
    0xe4, 0x2d, 0x7, 0xad, 0xd, 0xe5, 0x7a, 0x9d,
    0xe0, 0x91, 0x81, 0xc2, 0x83, 0xff, 0x86,

    /* U+6536 "收" */
    0xf, 0xfe, 0x2d, 0x8e, 0x1f, 0xd6, 0x58, 0x7d,
    0x96, 0x73, 0x58, 0x1a, 0xb3, 0xfe, 0x6, 0xac,
    0x3a, 0xc2, 0xd5, 0x8a, 0x1d, 0xb, 0x9c, 0xb7,
    0x83, 0x7e, 0x7, 0xc1, 0xd7, 0xc0, 0x7c, 0x1f,
    0x38, 0x3e, 0x83, 0xce, 0x3a, 0xb8, 0x39, 0xca,
    0x1, 0xd0, 0xce, 0x1e, 0x80,

    /* U+653E "放" */
    0xf, 0xc8, 0x7e, 0xf0, 0x1c, 0x24, 0x14, 0xfc,
    0xff, 0x3, 0xe9, 0x45, 0x1e, 0xb, 0x43, 0xed,
    0xb, 0x94, 0x1d, 0xc1, 0x7f, 0x1a, 0x70, 0x5a,
    0x39, 0x76, 0x85, 0x82, 0xc1, 0xe8, 0x27, 0x5,
    0x1, 0xe8, 0x27, 0x7, 0x1e, 0xb4, 0x1e, 0x6,
    0xd8, 0x3c, 0x4, 0x29, 0xd0, 0xff, 0xe3, 0x80,

    /* U+653F "政" */
    0xf, 0xc8, 0x7e, 0x62, 0xc3, 0xbf, 0x9f, 0x2e,
    0x15, 0xc0, 0xbf, 0x82, 0xa0, 0x7f, 0xd7, 0x83,
    0x38, 0x6b, 0x8b, 0x38, 0x35, 0x85, 0xf0, 0x5a,
    0xb0, 0x9e, 0xb, 0x56, 0x15, 0xe0, 0xba, 0x7c,
    0x6f, 0x81, 0x7a, 0x55, 0x83, 0x43, 0xed, 0xf,
    0xfe, 0x28,

    /* U+6548 "效" */
    0x9, 0x41, 0x28, 0x3e, 0xb0, 0xb8, 0x33, 0x4f,
    0xcf, 0xd2, 0x3f, 0x4a, 0x1a, 0x79, 0x7, 0x88,
    0x3b, 0x40, 0xe0, 0xf1, 0xd3, 0xb, 0xd1, 0xe9,
    0xf4, 0x14, 0xfc, 0x83, 0xc1, 0xeb, 0x82, 0xf2,
    0x1d, 0xf2, 0x3f, 0x6, 0xf1, 0x65, 0x9c, 0xb,
    0x9, 0x34, 0x60, 0xfe, 0xc3, 0x80,

    /* U+6563 "散" */
    0xf, 0xfe, 0x1e, 0x9a, 0x38, 0x67, 0x8e, 0x3c,
    0x1b, 0xfc, 0x7a, 0x50, 0x2d, 0xe2, 0xfc, 0x5f,
    0xc8, 0x1c, 0x15, 0xc8, 0x54, 0x3, 0xfc, 0xee,
    0x82, 0xd9, 0xdb, 0xc1, 0x7e, 0xb4, 0xf0, 0x57,
    0x36, 0x9f, 0x1, 0xfe, 0x56, 0xf0, 0x34, 0xb6,
    0xc3, 0xa0, 0x30, 0x10, 0x80,

    /* U+6570 "数" */
    0xf, 0xfe, 0x1a, 0x6c, 0x8a, 0xe, 0xdd, 0xd3,
    0x83, 0xa9, 0xf4, 0xf4, 0xf0, 0x3f, 0xa7, 0xd7,
    0x80, 0xfe, 0xe, 0xd0, 0x77, 0x79, 0xcb, 0xb,
    0x24, 0x4e, 0xe0, 0xae, 0x50, 0x1f, 0x4, 0xff,
    0x81, 0xe0, 0xdc, 0x5c, 0xf, 0x82, 0xfe, 0x8b,
    0x38, 0x2b, 0xa6, 0x68, 0xe1, 0x68, 0x68, 0x3f,
    0xf8, 0xe0,

    /* U+6574 "整" */
    0xf, 0xfe, 0x12, 0xbc, 0xb6, 0x1d, 0xfe, 0xbd,
    0x20, 0xa7, 0xc9, 0xf9, 0x3f, 0xa0, 0xbc, 0xf,
    0xe8, 0xf8, 0x2b, 0xf0, 0x3f, 0x25, 0xeb, 0xc6,
    0x94, 0x17, 0xc2, 0x28, 0xf, 0xff, 0x82, 0x5d,
    0x74, 0xf, 0x58, 0xfc, 0x1e, 0xb5, 0xd5, 0x27,
    0xff, 0xc8, 0x7f, 0xf0, 0x40,

    /* U+65AD "断" */
    0xf, 0xf9, 0x43, 0x8e, 0x25, 0xf2, 0x3d, 0x3b,
    0x78, 0x33, 0xfd, 0x18, 0x73, 0xbf, 0x27, 0x56,
    0x3d, 0xf4, 0x7e, 0x87, 0x3e, 0x6, 0x58, 0x1d,
    0xfa, 0x32, 0xc0, 0xfe, 0xa1, 0x8e, 0x7, 0xd6,
    0x16, 0x38, 0x1d, 0xbd, 0x38, 0xe0, 0x7f, 0xae,
    0x1c, 0x2a, 0x21, 0x68, 0xe1, 0xff, 0xc4,

    /* U+65B0 "新" */
    0x9, 0x83, 0xe4, 0x27, 0xd4, 0x4b, 0xe0, 0x3f,
    0xcd, 0xa1, 0xca, 0x6, 0x58, 0x7a, 0xcb, 0x6d,
    0xa0, 0x5f, 0xeb, 0xf0, 0x54, 0xd0, 0x5b, 0x85,
    0x7f, 0xac, 0xd0, 0x33, 0xd1, 0x59, 0xa1, 0x77,
    0x23, 0x9c, 0x7, 0x7e, 0x56, 0x50, 0x1c, 0xed,
    0xb9, 0x60, 0x4b, 0x2, 0xb1, 0x41, 0xff, 0xc3,

    /* U+65E0 "无" */
    0xf, 0xfe, 0x27, 0xff, 0x83, 0xca, 0xba, 0xc1,
    0xfb, 0x83, 0xfe, 0xb0, 0xfc, 0xd5, 0xff, 0x43,
    0xfd, 0x45, 0x83, 0xce, 0x87, 0xfd, 0xe0, 0x68,
    0x7c, 0xe1, 0x68, 0x7d, 0xc1, 0x70, 0x48, 0x2c,
    0x37, 0xaf, 0x80, 0xa0, 0xcf, 0x21, 0x0,

    /* U+65E5 "日" */
    0xf, 0xfe, 0xd, 0xff, 0x8b, 0xa9, 0x6b, 0x1c,
    0x3d, 0x63, 0x87, 0xac, 0x70, 0x2c, 0x50, 0xff,
    0x9e, 0x2e, 0xe, 0xe0, 0x68, 0x77, 0x3, 0x43,
    0xb4, 0x1c, 0x1d, 0xa0, 0xbf, 0xe0, 0xe5, 0xe0,
    0x0,

    /* U+65E8 "旨" */
    0xf, 0xc8, 0x6d, 0x3, 0x78, 0x37, 0x4f, 0x90,
    0xef, 0xa0, 0xed, 0x2e, 0xbe, 0xd1, 0xff, 0xe0,
    0x97, 0xd4, 0x41, 0xff, 0xe0, 0x70, 0x72, 0xb1,
    0xff, 0xd6, 0x5e, 0xa2, 0xc3, 0x82, 0xd7, 0xd6,
    0x7, 0xff, 0x40,

    /* U+65E9 "早" */
    0xf, 0xfe, 0x25, 0xff, 0xc1, 0x3d, 0x17, 0x16,
    0x1b, 0x45, 0xa5, 0x61, 0x5f, 0xf5, 0x30, 0xaf,
    0x51, 0x40, 0xb0, 0xdc, 0x1e, 0xe0, 0xd7, 0xfe,
    0x43, 0x96, 0xf2, 0xc1, 0xfd, 0xcb, 0xc3, 0xff,
    0xfc, 0x0, 0x2f, 0x70, 0x7f, 0xf0, 0x38, 0x3f,
    0xf8, 0x1a, 0x1f, 0xfc, 0x80,

    /* U+65F6 "时" */
    0xf, 0xfe, 0x6e, 0x87, 0xfc, 0xf2, 0x5f, 0x8f,
    0xf4, 0x73, 0x6b, 0x8d, 0x6, 0x83, 0x43, 0x68,
    0x39, 0x34, 0x41, 0xa5, 0xf3, 0x8e, 0xd, 0x1f,
    0x3, 0x7, 0x1a, 0xb, 0x6, 0x7, 0x38, 0x16,
    0x38, 0x77, 0x2, 0xef, 0x7, 0x70, 0x1f, 0xa0,
    0x7a, 0xe0, 0xfe, 0x69, 0xa0,

    /* U+660E "明" */
    0xf, 0xfe, 0x4f, 0xf8, 0xb, 0x87, 0x5a, 0xc1,
    0xfa, 0x70, 0x9c, 0x1a, 0x6a, 0xc2, 0x70, 0x69,
    0xab, 0xf3, 0x8f, 0x9d, 0x58, 0xb6, 0xe, 0x75,
    0x61, 0x38, 0x38, 0xdf, 0xeb, 0x7, 0x1b, 0x6a,
    0x2c, 0x1f, 0x87, 0xa, 0xc2, 0x58, 0xf0, 0x56,
    0x1e, 0xf2, 0xf, 0x21, 0xe4, 0x32, 0x10,

    /* U+662F "是" */
    0xf, 0xfe, 0x1d, 0xff, 0x90, 0xbd, 0x2f, 0x68,
    0x5d, 0x76, 0xe8, 0x1f, 0xf9, 0xd0, 0xbd, 0x5e,
    0xd0, 0xaf, 0xfc, 0x1e, 0x5f, 0x54, 0x7f, 0xfd,
    0xb, 0x5, 0xcc, 0x1d, 0xc0, 0xfc, 0x85, 0x6a,
    0x2, 0x1d, 0x6a, 0xfe, 0xa0, 0x28, 0x19, 0x57,
    0x90, 0xff, 0xe0, 0x80,

    /* U+663E "显" */
    0xf, 0xfe, 0x27, 0xff, 0x82, 0x7a, 0x2f, 0x58,
    0x4e, 0xbd, 0x2b, 0xd, 0xff, 0xac, 0x36, 0x86,
    0x57, 0x6, 0xff, 0xe0, 0xf5, 0xca, 0xe0, 0xea,
    0x1a, 0xd, 0x28, 0x7, 0x78, 0x1a, 0x68, 0x57,
    0xa0, 0x6f, 0x83, 0xd4, 0x6, 0xe1, 0xa8, 0xf9,
    0xb5, 0x82, 0xff, 0xfa, 0xf, 0xfe, 0x18,

    /* U+665A "晚" */
    0xf, 0x94, 0x1f, 0xfc, 0xf, 0x7, 0xfd, 0x7f,
    0x20, 0xfc, 0xe8, 0x2e, 0x7, 0x3b, 0x2a, 0xf4,
    0xe, 0x7b, 0xfe, 0x6f, 0x3d, 0x9c, 0xd, 0x39,
    0xde, 0xd6, 0xc1, 0xce, 0x7f, 0xc0, 0xbe, 0x2c,
    0x8, 0x74, 0x83, 0x8b, 0xf, 0xd6, 0xb, 0xc8,
    0x79, 0x41, 0x32, 0x0,

    /* U+66F4 "更" */
    0xf, 0xfe, 0xb, 0xff, 0xf0, 0x2a, 0x57, 0x94,
    0x1f, 0xde, 0x50, 0x73, 0xff, 0x83, 0x5a, 0xb4,
    0xb0, 0xaf, 0xfe, 0xd, 0xcf, 0x95, 0xe0, 0xdf,
    0xfc, 0x19, 0x1e, 0x58, 0x35, 0xeb, 0x43, 0xf7,
    0xf4, 0x86, 0x7d, 0x1, 0xbe, 0x8a, 0x7, 0xcd,
    0x87, 0xff, 0x8,

    /* U+6708 "月" */
    0xf, 0xc8, 0x77, 0xfe, 0x42, 0xe5, 0x5, 0xa1,
    0x61, 0xee, 0xb, 0xff, 0x41, 0x74, 0x5d, 0xc0,
    0x70, 0xf5, 0x81, 0xc3, 0xce, 0x3f, 0xf2, 0xb0,
    0x5a, 0xe9, 0x58, 0x1c, 0x3e, 0xc1, 0x61, 0xcf,
    0x81, 0x61, 0xce, 0x87, 0xff, 0x4,

    /* U+6709 "有" */
    0xd, 0x7, 0xfa, 0xe5, 0xd3, 0xff, 0xf2, 0xae,
    0xf, 0xef, 0x6, 0x5c, 0x5b, 0xff, 0x82, 0x75,
    0x4, 0xe1, 0x5f, 0xe7, 0xa, 0xe8, 0xbb, 0x3,
    0xe5, 0xc0, 0xc1, 0x7f, 0x93, 0x41, 0xc1, 0xd6,
    0x83, 0x83, 0x5c, 0x1f, 0xfc, 0x10,

    /* U+670D "服" */
    0xf, 0xe5, 0x41, 0xbf, 0x17, 0xe8, 0x2e, 0x77,
    0x81, 0xa0, 0x74, 0xdd, 0x6, 0x83, 0xeb, 0x74,
    0x10, 0x4e, 0x9b, 0xdf, 0x40, 0x70, 0x6e, 0xb6,
    0x81, 0xfc, 0xe9, 0x61, 0x3b, 0x76, 0x9c, 0x15,
    0x83, 0xbb, 0xc1, 0xbc, 0x3d, 0xbf, 0x23, 0x8f,
    0x9e, 0xdf, 0x21, 0xf6, 0x84, 0x87, 0xff, 0xc,

    /* U+6717 "朗" */
    0xa, 0xf, 0x94, 0x15, 0xc8, 0x3f, 0x95, 0xfe,
    0x74, 0x1a, 0xb0, 0x9d, 0xc2, 0xc7, 0xbc, 0xef,
    0x6e, 0x3d, 0x6d, 0xf4, 0xe3, 0xad, 0x76, 0x7,
    0x1f, 0xea, 0x60, 0x71, 0xc3, 0xbe, 0x9c, 0x70,
    0x50, 0xba, 0x38, 0xe0, 0x72, 0xc0, 0xe3, 0xdf,
    0x54, 0x36, 0xf, 0x4d, 0xd0, 0xf8, 0x3f, 0xf8,
    0x60,

    /* U+672A "未" */
    0xf, 0xfe, 0x2b, 0x87, 0xf9, 0xc3, 0xe5, 0x5f,
    0xc8, 0x1f, 0xea, 0x21, 0x90, 0x38, 0x7f, 0xad,
    0x6a, 0x7f, 0xff, 0x1, 0x56, 0xd8, 0xa0, 0xd6,
    0x39, 0xe0, 0xda, 0x38, 0x34, 0x16, 0xb, 0x5,
    0x83, 0x81, 0x61, 0x70, 0x85, 0x61, 0x20,

    /* U+672C "本" */
    0xf, 0xfe, 0x45, 0x87, 0xff, 0x2, 0xc3, 0x21,
    0x2d, 0x7f, 0xc3, 0xff, 0x51, 0x41, 0x28, 0xe9,
    0x87, 0xf5, 0x9e, 0x83, 0xf6, 0x9f, 0xa0, 0xef,
    0x3, 0x87, 0xd0, 0x1c, 0x2e, 0x40, 0xc0, 0xe6,
    0x9f, 0x41, 0xf7, 0xe8, 0x3f, 0xf8, 0x1c, 0x1f,
    0xfc, 0xd, 0xf, 0xfe, 0x40,

    /* U+673A "机" */
    0xf, 0xfe, 0x23, 0x87, 0xff, 0x1, 0xc2, 0xfe,
    0x9, 0xbd, 0x1a, 0xad, 0x1f, 0xa1, 0xc2, 0xd0,
    0xbc, 0x7, 0xb, 0x42, 0xf0, 0x1c, 0x2c, 0x2b,
    0xe1, 0xc2, 0xc2, 0xfc, 0xd8, 0x58, 0x1e, 0xc1,
    0x60, 0x70, 0x95, 0x82, 0xc0, 0xe1, 0x9c, 0x1c,
    0x7, 0x50, 0x2c, 0xf0, 0x4f, 0xa0, 0x58, 0x87,
    0x48, 0x7f, 0xf0, 0xc0,

    /* U+675F "束" */
    0xf, 0xfe, 0x3e, 0x87, 0xfd, 0xca, 0xa2, 0x3f,
    0xfe, 0x40, 0xbb, 0x95, 0x21, 0x7f, 0xf8, 0x2e,
    0x7, 0x1, 0xc2, 0xe0, 0x50, 0x16, 0x15, 0xff,
    0xa0, 0xd7, 0xe5, 0x83, 0xad, 0xb2, 0x43, 0x5a,
    0x59, 0xe4, 0x16, 0x82, 0xc1, 0x69, 0x21, 0x58,
    0x48, 0x7f, 0xf0, 0x80,

    /* U+6765 "来" */
    0xf, 0xfe, 0x46, 0x87, 0xf9, 0x5d, 0x70, 0x6f,
    0xff, 0x7, 0xee, 0x5, 0x3, 0xb4, 0xe1, 0xd0,
    0xeb, 0x38, 0xe0, 0xd5, 0x7e, 0x75, 0x81, 0x4f,
    0xff, 0x6, 0xb3, 0x84, 0x3c, 0xe9, 0x43, 0x83,
    0xb8, 0x14, 0x1e, 0xb, 0xc1, 0x58, 0x1d, 0x2,
    0x1a, 0xc2, 0x43, 0xff, 0x88,

    /* U+6781 "极" */
    0xf, 0xfe, 0x23, 0x82, 0xfe, 0x42, 0x70, 0xae,
    0x9e, 0x9, 0xc2, 0xe1, 0xd0, 0x7f, 0x1a, 0x78,
    0x27, 0xcb, 0x60, 0xf2, 0x17, 0xc5, 0x82, 0xf4,
    0x5f, 0x5e, 0x9, 0xc1, 0xf3, 0xf8, 0x1c, 0xd,
    0xc7, 0x7d, 0x60, 0xb3, 0x2c, 0x1e, 0x41, 0x43,
    0x78, 0x1f, 0x7, 0x6e, 0x96, 0xf0, 0x6d, 0xb,
    0x46, 0xf, 0xfe, 0x18,

    /* U+6784 "构" */
    0xf, 0xfe, 0x2d, 0x81, 0x83, 0xf5, 0x1, 0xc1,
    0xfb, 0x87, 0x9a, 0x81, 0x7e, 0x7f, 0xc8, 0xfa,
    0xf, 0xb4, 0x1f, 0x23, 0x85, 0xa3, 0xf9, 0xb1,
    0x34, 0xed, 0x46, 0xac, 0xe9, 0x9a, 0x5d, 0x33,
    0x82, 0xc0, 0xfe, 0x38, 0xe, 0x1f, 0x3c, 0x7,
    0xe, 0x7e, 0x40, 0xe1, 0xdc, 0x87, 0xff, 0x10,

    /* U+679C "果" */
    0xf, 0xfe, 0xd, 0xff, 0x82, 0xe5, 0xf6, 0x83,
    0x41, 0x28, 0xc0, 0xff, 0xa7, 0x5, 0xe9, 0xd1,
    0xc2, 0xff, 0xe0, 0xd2, 0xba, 0xe0, 0x2a, 0xff,
    0x87, 0xeb, 0xa0, 0x79, 0xce, 0xf2, 0x15, 0xc7,
    0x1e, 0x8b, 0x41, 0xc0, 0x74, 0x43, 0xfc,

    /* U+67E5 "查" */
    0xf, 0xfe, 0x47, 0x7, 0xcb, 0xde, 0xac, 0x83,
    0xff, 0xd2, 0x13, 0xe3, 0xbd, 0x6, 0xb8, 0x1c,
    0x3e, 0x47, 0x5d, 0x45, 0xac, 0x27, 0xff, 0x7,
    0x3a, 0xaa, 0x70, 0xef, 0xf9, 0xc3, 0x9d, 0x7a,
    0xc3, 0xdf, 0xf4, 0x1c, 0xaa, 0x2e, 0xa0, 0x57,
    0xff, 0x83, 0xff, 0x88,

    /* U+6811 "树" */
    0xf, 0xfe, 0x26, 0x1f, 0x9c, 0x2d, 0xf, 0x9c,
    0xf, 0x9a, 0x25, 0xf5, 0x3e, 0x6f, 0x86, 0xe3,
    0xc8, 0x56, 0x7, 0x7, 0x92, 0x79, 0x1c, 0x1f,
    0x3f, 0x1c, 0xe3, 0xf4, 0x78, 0xb7, 0x2f, 0x40,
    0xf4, 0xee, 0x77, 0xf, 0x60, 0x70, 0xb8, 0xe0,
    0xce, 0x17, 0x12, 0x6, 0x98, 0x5c, 0x1c, 0xfc,
    0x1f, 0xfc, 0x30,

    /* U+6821 "校" */
    0xf, 0xfe, 0x2c, 0x19, 0xc0, 0x86, 0xe3, 0xfe,
    0x1f, 0xd3, 0x2c, 0x1a, 0xf4, 0xa, 0x12, 0x13,
    0xe4, 0x1a, 0x5a, 0xb, 0xe2, 0xd3, 0xe0, 0x5f,
    0x3f, 0xc1, 0xbb, 0xe0, 0x79, 0xd, 0xbc, 0x8f,
    0xc1, 0xb3, 0x81, 0xc7, 0x80, 0xe7, 0x1e, 0x3,
    0xc0, 0x4e, 0x20, 0xcc, 0x0,

    /* U+683C "格" */
    0xf, 0xc8, 0x7e, 0xd0, 0x5a, 0x1d, 0x7a, 0x57,
    0xe8, 0x26, 0xfd, 0xd, 0xc1, 0x38, 0x19, 0x3c,
    0x19, 0xc2, 0xbe, 0xe, 0xbc, 0x83, 0xf4, 0x7,
    0xd2, 0x78, 0x16, 0x3f, 0xf, 0x97, 0x4, 0xac,
    0xe7, 0xf2, 0x15, 0x88, 0xe0, 0xe0, 0xac, 0x27,
    0xbc, 0x85, 0x61, 0x3e, 0x90, 0xff, 0xe2, 0x0,

    /* U+68C0 "检" */
    0xf, 0xfe, 0x2e, 0x86, 0xc3, 0xed, 0xb, 0xc8,
    0x73, 0xc0, 0xfc, 0x85, 0xf8, 0xf0, 0x2f, 0x20,
    0xf0, 0xe1, 0xdc, 0xf, 0x42, 0xaf, 0xa0, 0x3f,
    0x2b, 0xd4, 0x42, 0xfd, 0x1, 0x40, 0x81, 0xf0,
    0x36, 0x80, 0xc7, 0xb0, 0x5d, 0x96, 0x34, 0xc0,
    0xf6, 0x79, 0x5, 0x97, 0xfe, 0x5, 0x8b, 0xe0,
    0xff, 0xe2, 0x80,

    /* U+68D2 "棒" */
    0xf, 0xf4, 0x1f, 0xf2, 0xad, 0x41, 0xce, 0xf,
    0xf4, 0x13, 0x78, 0x17, 0x40, 0xef, 0xa1, 0xfa,
    0xe, 0x7c, 0x37, 0xfa, 0x7, 0xeb, 0xf5, 0xc8,
    0x3b, 0x8e, 0x72, 0xc1, 0x6e, 0x3b, 0xe8, 0xe3,
    0x9c, 0xb2, 0xd0, 0xc8, 0xe6, 0x8f, 0x68, 0x67,
    0x5, 0xfa, 0x43, 0x38, 0x16, 0xd0, 0xff, 0xe3,
    0x0,

    /* U+6982 "概" */
    0xf, 0xfe, 0x26, 0xf, 0x95, 0xf0, 0x1e, 0x77,
    0x87, 0x87, 0xeb, 0x7a, 0x3a, 0xb, 0x1e, 0xee,
    0xc2, 0x71, 0xcf, 0xad, 0x5, 0xeb, 0xbf, 0xc5,
    0xea, 0x7c, 0xfa, 0x3, 0xe1, 0xc4, 0x1c, 0x13,
    0x8f, 0x60, 0xf0, 0x4e, 0x5b, 0x8f, 0x82, 0xb2,
    0xdd, 0xbd, 0x2, 0xcb, 0xea, 0x7d, 0x16, 0x9,
    0x47, 0x30, 0x7f, 0xf0, 0xc0,

    /* U+6A21 "模" */
    0xf, 0x90, 0xfc, 0xe1, 0x75, 0x78, 0x27, 0x3f,
    0xe4, 0x27, 0x15, 0xa5, 0x2, 0xbe, 0x1a, 0xda,
    0x3f, 0x47, 0xfc, 0x1b, 0x1e, 0xa2, 0x81, 0x59,
    0x7e, 0x38, 0x17, 0xcf, 0xf9, 0x7, 0x68, 0x2e,
    0x50, 0x5d, 0x9f, 0xf8, 0x1b, 0xab, 0xca, 0x90,
    0x39, 0xa7, 0x3, 0xc8, 0x6d, 0x30, 0x9d, 0xf,
    0xfe, 0x18,

    /* U+6B21 "次" */
    0xf, 0x21, 0xff, 0xc0, 0x75, 0xf0, 0x28, 0xf,
    0xfc, 0x7, 0x1c, 0x3a, 0xc2, 0xe6, 0x7, 0x1a,
    0x13, 0x6, 0xe3, 0xf, 0xf6, 0x87, 0xda, 0x7,
    0x43, 0xd6, 0x7, 0x83, 0xce, 0x8f, 0x1a, 0x1b,
    0x87, 0x81, 0x68, 0x48, 0x38, 0x35, 0xa1, 0xc8,
    0x7a, 0x40,

    /* U+6B63 "正" */
    0x2, 0x83, 0xfe, 0x7f, 0xfd, 0x7, 0xee, 0x58,
    0x3f, 0xb4, 0x3f, 0xf8, 0x1a, 0x1f, 0x38, 0x5c,
    0xb0, 0x67, 0xb, 0xf8, 0x3b, 0x41, 0xa1, 0xfb,
    0x41, 0xa1, 0xfb, 0x81, 0xa1, 0xfa, 0x80, 0xe1,
    0x60, 0x7f, 0xff, 0x0, 0xb, 0xe0, 0xf8,

    /* U+6B65 "步" */
    0xf, 0x68, 0x7e, 0x81, 0xca, 0x90, 0xd8, 0x3f,
    0xc1, 0xb0, 0x70, 0x79, 0xba, 0x7a, 0x9e, 0x8f,
    0xfa, 0xb2, 0x1e, 0xa0, 0x7e, 0x73, 0x80, 0xe1,
    0xb8, 0xf5, 0xe8, 0x2b, 0x1f, 0xa0, 0xf5, 0xf2,
    0x1e, 0xbd, 0x7, 0xf4, 0x87, 0xf8,

    /* U+6BCF "每" */
    0x14, 0x1f, 0xef, 0x57, 0xe1, 0xe9, 0xff, 0x2a,
    0x17, 0xe0, 0xdf, 0xfa, 0xb, 0x40, 0x83, 0x82,
    0xd1, 0xd3, 0x8f, 0xff, 0xe0, 0x36, 0xbe, 0xe4,
    0xa0, 0x30, 0xb8, 0x1c, 0xe, 0x57, 0x93, 0xff,
    0xd0, 0xcb, 0x5, 0xc1, 0xff, 0xc1,

    /* U+6BD5 "毕" */
    0x34, 0x35, 0x87, 0xb8, 0x35, 0x84, 0x83, 0xd7,
    0x8b, 0xbe, 0x5, 0xe9, 0x2f, 0x48, 0x56, 0x13,
    0x61, 0xeb, 0xf9, 0xfe, 0xa, 0x88, 0x4b, 0xa0,
    0xfa, 0x81, 0xff, 0xc0, 0xf2, 0xaa, 0x7, 0xff,
    0xf0, 0x1, 0x2e, 0xe0, 0xff, 0xe0, 0x68, 0x7f,
    0xf0, 0x34, 0x3f, 0xf9, 0x0,

    /* U+6BDB "毛" */
    0xf, 0xfe, 0x25, 0x5f, 0xf2, 0x7, 0xd4, 0xf2,
    0x83, 0xfd, 0x40, 0xf9, 0x7b, 0xd5, 0x82, 0xbf,
    0xfc, 0x87, 0xda, 0x1f, 0x2f, 0x72, 0xf0, 0xff,
    0xff, 0x0, 0x3c, 0xe1, 0xff, 0xc0, 0x70, 0xec,
    0x3e, 0xff, 0x83, 0xf2, 0xaa, 0x0,

    /* U+6C14 "气" */
    0x4, 0x87, 0xff, 0x3, 0x85, 0xa9, 0xe0, 0xaf,
    0xfd, 0x40, 0xb9, 0xf, 0xfb, 0x2, 0xa9, 0xf0,
    0x7b, 0xf5, 0x14, 0x1f, 0xfc, 0x67, 0xff, 0x83,
    0xa8, 0xbd, 0x61, 0xff, 0xc0, 0xe0, 0xff, 0xe0,
    0x70, 0x7f, 0xf0, 0x3e, 0x43, 0xfe, 0x6c, 0x3f,
    0xf8, 0x60,

    /* U+6C34 "水" */
    0xf, 0xfe, 0x45, 0x87, 0xff, 0x2, 0xc3, 0xe5,
    0x5, 0x60, 0xb0, 0xaf, 0xa9, 0x9e, 0x43, 0xde,
    0xb7, 0xf, 0x9c, 0x73, 0x83, 0xdc, 0x39, 0x61,
    0xd6, 0x7, 0x7, 0x6, 0xe0, 0x38, 0x2c, 0x2b,
    0x9, 0xc2, 0xd0, 0x48, 0x1f, 0x5, 0x61, 0xcf,
    0x7, 0xff, 0x24,

    /* U+6C47 "汇" */
    0xf, 0xfe, 0x1f, 0x92, 0xff, 0x21, 0x5b, 0xe5,
    0xe0, 0xfb, 0x83, 0xe7, 0x81, 0xc1, 0xf9, 0xf1,
    0xc1, 0xff, 0xc0, 0xe0, 0xff, 0xe0, 0x68, 0x7f,
    0xa7, 0x43, 0xfa, 0xdd, 0xf, 0xce, 0x9a, 0x12,
    0xc0, 0xe0, 0x7f, 0xe0, 0x21, 0x32, 0x83, 0x80,

    /* U+6C60 "池" */
    0xf, 0xdc, 0x1d, 0x4, 0x83, 0x83, 0xbc, 0x38,
    0x39, 0xa0, 0x50, 0xf7, 0xf8, 0x8, 0x3e, 0xb8,
    0xa0, 0x3c, 0xd, 0x38, 0xd0, 0xb8, 0xe3, 0x8c,
    0x3e, 0xa1, 0x2b, 0xe, 0x8b, 0xf, 0xeb, 0x56,
    0x1f, 0xbc, 0x8e, 0xb5, 0xa3, 0x86, 0xfe, 0x83,
    0xff, 0x88,

    /* U+6CB9 "油" */
    0xf, 0xfe, 0x1f, 0x7, 0x70, 0x77, 0xc1, 0xb8,
    0x3c, 0xc1, 0xb9, 0x90, 0xe7, 0xff, 0x7, 0x3a,
    0x70, 0xe0, 0xf2, 0xb0, 0x68, 0xe1, 0x5b, 0x83,
    0x95, 0x85, 0x77, 0xf9, 0xc2, 0xd5, 0xce, 0x96,
    0x7, 0x6, 0x9a, 0x58, 0x38, 0x1c, 0x69, 0x40,
    0x68, 0x3f, 0xe8, 0x8, 0x65, 0xf0, 0x0,

    /* U+6CBB "治" */
    0xf, 0x90, 0xfb, 0x82, 0x74, 0x3c, 0xf8, 0x1c,
    0x9, 0xe, 0x47, 0xb, 0xc1, 0xf7, 0xa9, 0xf4,
    0xe, 0x7, 0xd4, 0x6c, 0xf, 0x83, 0xff, 0x80,
    0xe7, 0xfc, 0x1b, 0xc7, 0xa, 0xb0, 0xda, 0x70,
    0x4e, 0x15, 0x82, 0x81, 0x38, 0x5c, 0xb, 0xfc,
    0x14, 0x1a, 0xa5, 0x4,

    /* U+6CD5 "法" */
    0xf, 0xfe, 0x1a, 0x83, 0xb4, 0x3b, 0xe4, 0x56,
    0x87, 0x98, 0xbf, 0xc1, 0xfc, 0xf2, 0x82, 0xe0,
    0xed, 0xe, 0xbc, 0x1b, 0x45, 0x6, 0x55, 0x3f,
    0xc1, 0xcf, 0xd2, 0x83, 0xda, 0x68, 0x18, 0x37,
    0x87, 0x9, 0xd0, 0x38, 0x2c, 0xa, 0xf0, 0x38,
    0x1f, 0xf4, 0x8, 0x26, 0x50, 0x70,

    /* U+6CE2 "波" */
    0xf, 0xe8, 0x39, 0xd0, 0xcf, 0x44, 0x2b, 0x7f,
    0xf0, 0x64, 0xd1, 0xc1, 0x82, 0x80, 0xc0, 0xe0,
    0xc0, 0xf1, 0xb2, 0xf0, 0x4c, 0xf7, 0xf8, 0x39,
    0xc3, 0x3c, 0x13, 0x39, 0xcf, 0x6, 0xe9, 0x8f,
    0xc1, 0xac, 0xb1, 0xfc, 0x16, 0x94, 0x78, 0x7c,
    0x1f, 0xa0, 0xf0,

    /* U+6CE8 "注" */
    0xf, 0xfe, 0x56, 0x1e, 0xa0, 0x15, 0x7a, 0x98,
    0x1f, 0x1f, 0xd5, 0x4, 0xc1, 0x9c, 0x3f, 0xf8,
    0xe, 0x1d, 0xa1, 0xce, 0x21, 0x5e, 0x7, 0xfa,
    0x9, 0xc1, 0x36, 0x87, 0x58, 0x67, 0xf, 0x70,
    0x67, 0xf, 0x68, 0x67, 0xe, 0x70, 0x56, 0xd0,
    0xd6, 0xf, 0xfc, 0x87, 0xff, 0x8,

    /* U+6CF0 "泰" */
    0xf, 0xa0, 0xf9, 0x75, 0xca, 0x90, 0x7f, 0xfa,
    0xa, 0x9e, 0x5c, 0x19, 0xff, 0xc1, 0x2b, 0xd2,
    0xaa, 0x51, 0xff, 0xfc, 0x2, 0xd0, 0x58, 0x1e,
    0x26, 0x83, 0x94, 0xe, 0x7c, 0xf6, 0x87, 0x3e,
    0x77, 0xc1, 0x9e, 0x7c, 0xf, 0x6, 0x4b, 0x42,
    0x83, 0xff, 0x84,

    /* U+6D17 "洗" */
    0xf, 0xfe, 0x3a, 0xd, 0xe, 0xf0, 0x34, 0xc3,
    0xcf, 0x3d, 0x39, 0x41, 0x99, 0xff, 0x83, 0xcc,
    0x38, 0x7b, 0x83, 0x3a, 0xe0, 0x3d, 0x3f, 0xf0,
    0x56, 0xda, 0x1f, 0xb8, 0xb0, 0x48, 0x67, 0x7,
    0x3, 0x83, 0x58, 0x34, 0xf, 0xc0, 0xd1, 0xc3,
    0x70, 0x50, 0x48, 0x7e,

    /* U+6D1B "洛" */
    0xf, 0x28, 0x3e, 0xe0, 0xbd, 0x21, 0xcf, 0x8f,
    0x5f, 0xa0, 0xf4, 0x1a, 0xf0, 0x79, 0x81, 0xe8,
    0x2e, 0x3, 0xf9, 0xd, 0x78, 0x7d, 0x7c, 0x84,
    0xef, 0x4, 0xda, 0xe, 0x1a, 0x7d, 0x6, 0xd1,
    0xea, 0xf0, 0x56, 0x7, 0x9, 0xc2, 0xe0, 0x3a,
    0xd6, 0x16, 0x1b, 0xfc, 0x1f, 0xfc, 0x40,

    /* U+6D3B "活" */
    0xf, 0xf9, 0xa, 0x80, 0x6f, 0xe0, 0x9e, 0x2e,
    0xe0, 0xf3, 0x86, 0xe0, 0xff, 0x2b, 0xac, 0xe,
    0x1f, 0xfa, 0x3, 0xc1, 0xb4, 0x3d, 0x60, 0x56,
    0xa0, 0xeb, 0x3f, 0xe4, 0x2d, 0x38, 0x36, 0x81,
    0xc1, 0x61, 0x38, 0x5c, 0xb, 0xfc, 0x12, 0x1a,
    0x8b, 0x4,

    /* U+6D88 "消" */
    0xf, 0xc8, 0x72, 0x14, 0x98, 0x14, 0x78, 0x16,
    0x69, 0xc0, 0xf0, 0x33, 0x6c, 0x32, 0x34, 0xef,
    0x2, 0xb, 0xfe, 0x4f, 0x46, 0x86, 0xe0, 0x5b,
    0xff, 0x20, 0x73, 0x96, 0x34, 0x16, 0x72, 0xa3,
    0x41, 0xb7, 0xf3, 0xa5, 0x83, 0xc1, 0xb4, 0x60,
    0x58, 0x6c, 0x3f, 0xf8, 0x40,

    /* U+6DA8 "涨" */
    0xf, 0xfe, 0x1c, 0x6, 0x87, 0x8, 0x5e, 0x7e,
    0xb8, 0xd0, 0xa0, 0xbb, 0x9c, 0x3f, 0x6f, 0x70,
    0x50, 0x3e, 0x78, 0x50, 0xf9, 0xd2, 0xfe, 0xb,
    0xb0, 0x5f, 0x41, 0x3b, 0xc9, 0xd3, 0xa, 0xcb,
    0xc7, 0x38, 0x5c, 0x16, 0x71, 0xa0, 0xd0, 0x39,
    0xcd, 0x8e, 0xf, 0x8f, 0x9c, 0x8, 0x10, 0x94,
    0x4,

    /* U+6DF1 "深" */
    0xf, 0xf2, 0xc0, 0xe0, 0x7f, 0xe0, 0x3b, 0x6c,
    0x81, 0xc2, 0x69, 0xb9, 0x6e, 0x4, 0x37, 0x3,
    0x82, 0xf0, 0x51, 0xa8, 0x3b, 0xcb, 0x5e, 0xa6,
    0x13, 0xdf, 0xea, 0x5, 0x60, 0x7c, 0xa0, 0xed,
    0x7, 0x76, 0x85, 0x60, 0xb3, 0x6d, 0x7, 0xe,
    0x9a, 0x70, 0x20, 0x38, 0x34, 0x3f, 0xf8, 0xc0,

    /* U+6DFB "添" */
    0xf, 0x7f, 0xa0, 0xae, 0x2, 0xbc, 0xb0, 0x6b,
    0x9, 0xd0, 0xff, 0x7f, 0xf0, 0x14, 0x7, 0xca,
    0xb9, 0x7, 0xc3, 0xa2, 0x78, 0x3e, 0xe1, 0xc1,
    0xc1, 0xf5, 0x1c, 0x8, 0x77, 0x1c, 0xf9, 0xc3,
    0x59, 0xe1, 0xf5, 0xc0, 0x74, 0xc0, 0xec, 0xe9,
    0xc1, 0xbe, 0x9, 0xf, 0xcd, 0x3, 0x80,

    /* U+6E05 "清" */
    0xf, 0xfe, 0x14, 0x83, 0xfe, 0x4f, 0x47, 0xe5,
    0x82, 0xb1, 0x56, 0x1f, 0xd7, 0xf2, 0x4, 0x33,
    0x74, 0x5b, 0x8f, 0xfe, 0x1f, 0x2a, 0xb7, 0x5,
    0xc5, 0xfe, 0xb, 0x57, 0xa9, 0xb8, 0x1c, 0xbe,
    0xa3, 0x83, 0x81, 0xff, 0x26, 0x83, 0x80, 0xf8,
    0x10, 0x7e, 0x90,

    /* U+6E38 "游" */
    0xc, 0xa0, 0xa0, 0xd6, 0xb, 0x3, 0xac, 0xf,
    0x3f, 0xaf, 0xc1, 0x9f, 0x48, 0x87, 0x20, 0xb0,
    0xbe, 0x4b, 0x4b, 0x40, 0xdc, 0xb, 0x7f, 0x27,
    0x83, 0x6e, 0x9a, 0x74, 0x47, 0x34, 0xef, 0xc9,
    0x66, 0x38, 0xd8, 0x5c, 0xe5, 0x81, 0xc2, 0xd5,
    0x96, 0xf, 0x5, 0xc, 0x28, 0x74, 0x3f, 0xf8,
    0x80,

    /* U+6EE1 "满" */
    0xf, 0x41, 0x28, 0x28, 0xd, 0xd5, 0xe4, 0x1e,
    0x6f, 0xfc, 0x15, 0x1, 0x23, 0x6, 0x81, 0xff,
    0xa1, 0xf0, 0xb7, 0x4d, 0x41, 0x74, 0xff, 0xc1,
    0x6f, 0xe7, 0xa6, 0x7, 0x3b, 0x4e, 0x98, 0x2c,
    0xfd, 0x7e, 0x7, 0x1f, 0x53, 0xb8, 0x1a, 0x79,
    0xd, 0xc3, 0x83, 0x83, 0x5a, 0x4, 0x3f, 0xf8,
    0x0,

    /* U+6F02 "漂" */
    0xf, 0xfe, 0x26, 0xf, 0xfa, 0xb, 0xca, 0xba,
    0x68, 0x76, 0x8f, 0x7a, 0x43, 0x9f, 0xfc, 0xe,
    0x1c, 0xe9, 0xe8, 0xf, 0x8f, 0xf8, 0x3a, 0x5,
    0x70, 0x7f, 0x5d, 0x41, 0xd6, 0x5f, 0xe8, 0x2d,
    0x3d, 0x79, 0x41, 0x38, 0x3c, 0x5d, 0xc0, 0xb2,
    0xc7, 0xc5, 0x87, 0xf2, 0x1c,

    /* U+6F14 "演" */
    0xf, 0x90, 0xfa, 0x5, 0x5e, 0x58, 0x2f, 0x1f,
    0xfc, 0x16, 0xed, 0x3d, 0x38, 0x76, 0xd3, 0xa3,
    0x2, 0xb, 0xfe, 0xb, 0xc9, 0xd3, 0xa6, 0x1b,
    0xd7, 0xf5, 0x86, 0xe7, 0xcf, 0x78, 0x27, 0x5,
    0xfd, 0x5, 0x61, 0x79, 0xa0, 0x6d, 0x7, 0x81,
    0x78, 0x28, 0xe, 0x19, 0xc3, 0xff, 0x88,

    /* U+6F31 "漱" */
    0xf, 0xfe, 0x1a, 0x13, 0x82, 0x43, 0x79, 0xbe,
    0xbf, 0x1, 0xef, 0xa7, 0xf0, 0x10, 0xad, 0x3,
    0x60, 0xf3, 0xfc, 0x4a, 0xb, 0xbb, 0x73, 0x43,
    0x6f, 0x76, 0xe1, 0x9c, 0xfd, 0x4d, 0xa, 0xc7,
    0xd1, 0x70, 0x5c, 0x5f, 0x5f, 0x5, 0xa7, 0x74,
    0xde, 0x1c, 0xb3, 0x1c, 0xb1, 0x80, 0x98, 0xe0,
    0x43, 0xff, 0x86,

    /* U+70B9 "点" */
    0xc, 0xc1, 0xff, 0xc0, 0xba, 0x78, 0x3f, 0x3f,
    0x50, 0x3f, 0x3a, 0x1f, 0x9f, 0xff, 0x4, 0xeb,
    0xfb, 0xd, 0xa1, 0xeb, 0xd, 0xe9, 0x7b, 0x83,
    0x3f, 0xf9, 0xd, 0x7, 0xc8, 0x6b, 0x9, 0xbf,
    0x5, 0xa7, 0xe9, 0x3c, 0xc, 0x12, 0x1c, 0xc0,

    /* U+70ED "热" */
    0xf, 0xfe, 0x23, 0x87, 0x68, 0x73, 0xc1, 0x38,
    0x67, 0xf2, 0xaf, 0x28, 0xd, 0x30, 0x3f, 0xc1,
    0x9e, 0x3, 0x83, 0x9, 0xf9, 0x5c, 0xc, 0xf,
    0x69, 0xe8, 0x70, 0xed, 0x2f, 0x9e, 0x7, 0xc9,
    0xc1, 0x79, 0x16, 0x6, 0x1f, 0xd2, 0x13, 0x7a,
    0xa, 0xcb, 0xe9, 0x5e, 0x4, 0x94, 0x43, 0xb0,
    0xff, 0xe1, 0x80,

    /* U+7136 "然" */
    0x2, 0x83, 0xff, 0x81, 0x72, 0x16, 0xa0, 0xdf,
    0xc3, 0xba, 0xb, 0xe7, 0xbf, 0x81, 0xe5, 0x5b,
    0xe5, 0x1, 0xf8, 0xd3, 0x74, 0x24, 0xa6, 0x39,
    0xe0, 0xd7, 0x92, 0xc1, 0xc0, 0xf4, 0x17, 0x7,
    0x94, 0x4, 0x10, 0xc1, 0xb8, 0xd3, 0x9d, 0x5,
    0x82, 0xcb, 0x2c, 0xa, 0xa, 0x4, 0x4,

    /* U+723D "爽" */
    0xf, 0xfe, 0x23, 0x87, 0x97, 0x5a, 0xf1, 0xff,
    0xf2, 0x51, 0x58, 0xb0, 0x1f, 0x4e, 0x7c, 0x17,
    0xc7, 0x7c, 0x12, 0x16, 0x88, 0x57, 0xa3, 0x57,
    0x91, 0xf3, 0xe1, 0xf2, 0x3f, 0xea, 0x82, 0x7c,
    0xf, 0x41, 0x3c, 0x19, 0xf4, 0x28, 0x3e, 0x60,

    /* U+7279 "特" */
    0xf, 0xed, 0xe, 0x70, 0xed, 0xd, 0xb8, 0x1f,
    0xf0, 0xef, 0x20, 0x79, 0x45, 0xf9, 0xb, 0x94,
    0x5, 0x60, 0xff, 0xa0, 0xb0, 0xfa, 0xe, 0xd2,
    0xbb, 0x81, 0x7d, 0x4f, 0xf2, 0xbb, 0x41, 0x5,
    0xa1, 0xb4, 0x1a, 0xd, 0xd, 0xa0, 0xa1, 0x70,
    0x6d, 0x9, 0x38, 0x3f, 0xf8, 0x80,

    /* U+7387 "率" */
    0xf, 0x41, 0xff, 0x3c, 0xb8, 0x1f, 0xff, 0x42,
    0xef, 0x28, 0x3d, 0xd3, 0xbc, 0x78, 0x25, 0xbe,
    0x2, 0x1d, 0x16, 0xee, 0x81, 0xff, 0xf2, 0x30,
    0xfa, 0x40, 0x87, 0xd6, 0x5, 0x8f, 0xff, 0xe0,
    0x14, 0x5b, 0xc1, 0xff, 0x50, 0x3f, 0xf8, 0xc0,

    /* U+73B0 "现" */
    0xf, 0xf3, 0x20, 0xfc, 0x7f, 0xc0, 0x7d, 0x1e,
    0x91, 0xc2, 0xa0, 0x30, 0x43, 0x85, 0xc3, 0x8e,
    0xac, 0x17, 0xce, 0x58, 0xe0, 0xf9, 0x59, 0xa3,
    0x85, 0xc1, 0x59, 0x7, 0x68, 0x9c, 0x68, 0x6e,
    0xf3, 0x83, 0xe, 0xf4, 0x78, 0x70, 0xde, 0x41,
    0xa3, 0xe8, 0x10, 0x68, 0x26, 0x80,

    /* U+7406 "理" */
    0xf, 0xfe, 0x2a, 0x8f, 0xf8, 0x7f, 0x5d, 0x36,
    0xc0, 0xe8, 0xe5, 0xab, 0xb, 0x4f, 0xe9, 0xc2,
    0xd3, 0xd4, 0xcb, 0x7, 0xc9, 0xb6, 0xd8, 0x2f,
    0x47, 0xfa, 0xb, 0x83, 0x58, 0x7b, 0x80, 0xab,
    0xb8, 0x2e, 0x7, 0xea, 0x21, 0x7c, 0x13, 0x87,
    0x7d, 0x2d, 0x6a, 0x87, 0x41, 0xff, 0x90, 0xff,
    0xe1, 0x0,

    /* U+751F "生" */
    0xf, 0xfe, 0x23, 0x85, 0xa1, 0xf7, 0x85, 0x75,
    0x90, 0x3f, 0xfd, 0x20, 0xe4, 0xe, 0x1f, 0x41,
    0x9c, 0x3f, 0x96, 0xb5, 0x83, 0xdf, 0xfc, 0x1f,
    0xac, 0x3f, 0xf8, 0x14, 0xf, 0xfe, 0x7, 0xb,
    0x81, 0xff, 0xfc, 0x0, 0x2f, 0x83, 0xe0,

    /* U+7528 "用" */
    0xf, 0xfe, 0x25, 0xff, 0xd0, 0x5e, 0xab, 0x5a,
    0xc2, 0xd0, 0x38, 0x56, 0x16, 0x81, 0xc2, 0xb0,
    0xb7, 0xfd, 0x4c, 0x2d, 0x6b, 0x5a, 0xc2, 0xd0,
    0x38, 0x4e, 0x17, 0x2a, 0xef, 0x38, 0x5f, 0xf5,
    0x1c, 0x2e, 0x3, 0x84, 0xe1, 0x68, 0x1c, 0x27,
    0x7, 0x82, 0x70, 0x5e, 0x2, 0x83, 0x20, 0x50,
    0x0,

    /* U+7531 "由" */
    0xf, 0xfe, 0x3b, 0x87, 0xfc, 0xe1, 0xf2, 0xeb,
    0xf, 0x3f, 0xfe, 0x87, 0x9, 0xd6, 0xe0, 0x61,
    0x38, 0x5c, 0xd, 0x6b, 0xb3, 0x8f, 0xfd, 0x1c,
    0x5c, 0x8e, 0x16, 0x83, 0x40, 0xe1, 0x68, 0x38,
    0xe, 0x16, 0x83, 0xca, 0xb9, 0xb4, 0x17, 0xff,
    0x7, 0xff, 0x8,

    /* U+7535 "电" */
    0xf, 0x21, 0xff, 0xc0, 0xd0, 0xf7, 0xff, 0xc0,
    0xe5, 0x5a, 0xd6, 0xe, 0x55, 0xd5, 0xe0, 0x7f,
    0xfa, 0x5, 0x1, 0x61, 0x70, 0x2c, 0x16, 0x16,
    0x82, 0xff, 0xe4, 0x25, 0xbc, 0xb8, 0x3e, 0xe0,
    0xdc, 0x1d, 0xff, 0x7, 0xe5, 0x51, 0x0,

    /* U+754C "界" */
    0xf, 0xfe, 0x2d, 0xff, 0x83, 0xba, 0xb5, 0x58,
    0x77, 0x37, 0x76, 0x1a, 0xfe, 0xab, 0xe, 0xd1,
    0xd5, 0x61, 0xdf, 0xfa, 0xe, 0x7e, 0x6d, 0xf,
    0x7c, 0x15, 0xe4, 0xf, 0xe0, 0x9f, 0x81, 0xc5,
    0x84, 0xe1, 0xeb, 0x82, 0x70, 0xf6, 0x86, 0xb0,
    0xff, 0xe2, 0x80,

    /* U+7684 "的" */
    0xf, 0xfe, 0x2d, 0x84, 0xe1, 0xe7, 0xd2, 0x79,
    0x60, 0x7f, 0x9f, 0xe0, 0x70, 0x1d, 0x82, 0xc1,
    0xc2, 0xb0, 0xec, 0x1f, 0xac, 0xe1, 0xc7, 0xc8,
    0xe3, 0xce, 0xe, 0x3, 0x81, 0x9c, 0x1c, 0x7,
    0xc, 0xe0, 0xe1, 0xb0, 0xce, 0xb, 0xf4, 0x5f,
    0x82, 0x50, 0x65, 0x54, 0x0,

    /* U+770B "看" */
    0xf, 0x2d, 0x4c, 0x35, 0xff, 0xa0, 0xcd, 0x3c,
    0xbc, 0x19, 0xff, 0xe0, 0xcd, 0xe5, 0x83, 0xd7,
    0xff, 0xc1, 0x5a, 0xea, 0xc8, 0x5f, 0xfe, 0x41,
    0xeb, 0xfc, 0xe1, 0x53, 0xf5, 0x4e, 0x1c, 0xff,
    0x9c, 0x3d, 0xf5, 0x6c, 0x3d, 0xff, 0x80,

    /* U+771F "真" */
    0xf, 0x30, 0x7d, 0xff, 0xe8, 0xa, 0xa7, 0xaf,
    0x50, 0x2f, 0xfc, 0x84, 0xff, 0x9e, 0x9, 0xff,
    0x3a, 0x13, 0xfe, 0x74, 0x27, 0xae, 0x74, 0x27,
    0xfc, 0x61, 0x37, 0xd5, 0x3a, 0xf, 0xff, 0xe0,
    0x2, 0xd0, 0xdf, 0x5, 0x21, 0xe6, 0x0,

    /* U+7720 "眠" */
    0xf, 0xfe, 0x2a, 0x8b, 0xfc, 0xf, 0xd7, 0x2e,
    0xd3, 0x9e, 0xe0, 0xda, 0x60, 0xee, 0x9, 0xd3,
    0xa7, 0x7f, 0xc0, 0xfd, 0x7a, 0xf2, 0x16, 0x9d,
    0xc3, 0x86, 0xe3, 0xbc, 0xde, 0x9b, 0xce, 0xff,
    0xa4, 0xe3, 0x7c, 0x16, 0x83, 0x8d, 0xb6, 0x38,
    0x1f, 0x9b, 0xd1, 0x61, 0xf3, 0x6, 0x80,

    /* U+773C "眼" */
    0xf, 0x95, 0x50, 0x57, 0xcf, 0xf9, 0x7, 0x3d,
    0xa1, 0x68, 0x38, 0xef, 0xf2, 0xf, 0xd7, 0xa5,
    0x68, 0x38, 0xee, 0x55, 0xc0, 0xd3, 0x7f, 0xc0,
    0x79, 0xdd, 0xf, 0x3e, 0xb7, 0x6e, 0xe0, 0x69,
    0xbc, 0x5c, 0x17, 0xe7, 0xa1, 0x68, 0x19, 0x47,
    0xc9, 0x61, 0xf3, 0x7, 0x80,

    /* U+7740 "着" */
    0xf, 0xfe, 0x2a, 0x1b, 0xf, 0xbc, 0xaf, 0x51,
    0x7, 0xff, 0x48, 0x1b, 0xea, 0x7a, 0xd, 0xfa,
    0xb2, 0x7, 0xff, 0xe0, 0x5e, 0xaf, 0x90, 0x5f,
    0xfc, 0x17, 0xfd, 0x4c, 0x17, 0x7f, 0x2b, 0x5,
    0x3d, 0x7e, 0xb0, 0x9b, 0xff, 0x7, 0x7f, 0xc8,
    0x7f, 0xf0, 0x80,

    /* U+775B "睛" */
    0xf, 0xfe, 0x42, 0xad, 0x41, 0x94, 0xf, 0xf0,
    0x57, 0xcb, 0x5d, 0x2, 0xb7, 0x6f, 0xe0, 0x3e,
    0xb6, 0x9e, 0xa8, 0x1e, 0x7b, 0xfe, 0x7, 0x1a,
    0xab, 0x82, 0xfc, 0xdf, 0xd0, 0x39, 0xdf, 0x50,
    0xd0, 0x74, 0xef, 0x50, 0xd0, 0x56, 0x2f, 0x9d,
    0xf, 0xad, 0x9c, 0x3f, 0x58, 0x1c, 0x3f, 0xf8,
    0x80,

    /* U+7761 "睡" */
    0xf, 0xf9, 0xf, 0xcd, 0xf9, 0x7, 0xe2, 0xf8,
    0x3b, 0x6c, 0x6f, 0xc8, 0x36, 0xdf, 0xd4, 0xb,
    0xf1, 0x6e, 0xf0, 0x39, 0xdf, 0xf8, 0x1e, 0xb7,
    0xf5, 0x85, 0xeb, 0x7, 0xd6, 0x17, 0x39, 0xfe,
    0x81, 0x47, 0x15, 0x68, 0x6b, 0xb6, 0x6d, 0x41,
    0x3e, 0xa7, 0xfc, 0x1f, 0xfc, 0x30,

    /* U+77E5 "知" */
    0x9, 0xf, 0xfe, 0x3, 0x87, 0xff, 0x3, 0xd2,
    0xeb, 0xe0, 0xaf, 0xd4, 0xe9, 0x87, 0x70, 0x2c,
    0x18, 0x67, 0xa, 0xc1, 0x83, 0xfd, 0x4c, 0x18,
    0x4f, 0xaa, 0x70, 0x61, 0xb5, 0x1, 0xc1, 0x84,
    0xe7, 0x87, 0x6c, 0x2e, 0x7, 0x1f, 0x82, 0xd0,
    0x28, 0x3f, 0x41, 0xff, 0x0,

    /* U+77E9 "矩" */
    0xf, 0xfe, 0x1b, 0x86, 0x7f, 0x40, 0x76, 0xce,
    0x58, 0x27, 0xe8, 0xd1, 0x41, 0xd0, 0x5f, 0xd0,
    0x6d, 0x6, 0x83, 0x81, 0xff, 0x5, 0x40, 0x3e,
    0x5b, 0x15, 0xe0, 0xb6, 0x7, 0xf2, 0x7, 0x3d,
    0x68, 0x7a, 0xc0, 0xac, 0x3e, 0xd0, 0x9f, 0xf0,
    0x7e, 0x5f, 0x0,

    /* U+77ED "短" */
    0xf, 0xfe, 0x1f, 0x5, 0xff, 0x3, 0x42, 0xa2,
    0xf0, 0xfe, 0x8a, 0xbd, 0x3, 0xe9, 0x5f, 0xe0,
    0xac, 0xe, 0x13, 0x85, 0x60, 0x74, 0x16, 0x37,
    0xa4, 0xff, 0xf, 0xf0, 0x17, 0x4, 0xe1, 0xfb,
    0x40, 0xee, 0xf, 0xe, 0x82, 0xce, 0x7, 0xd0,
    0x5c, 0x38, 0xde, 0xa0, 0x34, 0x27, 0xfc, 0x1f,
    0xfc, 0x30,

    /* U+7801 "码" */
    0xf, 0xfe, 0x22, 0x1b, 0xf4, 0x82, 0xfc, 0xb5,
    0x3c, 0x15, 0xa8, 0x8, 0x28, 0x17, 0x5, 0x60,
    0xe0, 0x38, 0x6e, 0x6, 0x83, 0xf8, 0xeb, 0x81,
    0xe9, 0xdf, 0xf3, 0x79, 0x30, 0xc9, 0xad, 0xab,
    0xa, 0xdd, 0x7, 0x38, 0x3c, 0x9a, 0xe, 0x9b,
    0xe0, 0x5a, 0xb, 0xd5, 0x3, 0xd0, 0x7f, 0xf0,
    0xc0,

    /* U+7814 "研" */
    0xf, 0xfe, 0x4f, 0xf8, 0x26, 0xa2, 0x55, 0xa0,
    0x7f, 0x6, 0x70, 0xce, 0x1b, 0x56, 0x1b, 0x83,
    0x69, 0x84, 0xfe, 0x6, 0xad, 0x7, 0xa7, 0xbd,
    0x4e, 0x1f, 0x46, 0xd8, 0x34, 0xf, 0x18, 0xe0,
    0xd0, 0xb8, 0xcb, 0x6, 0x85, 0xeb, 0x2c, 0x1a,
    0x15, 0xf1, 0x40, 0x68, 0x64, 0x2e, 0x6, 0x87,
    0xff, 0xc,

    /* U+7834 "破" */
    0xf, 0xed, 0xc, 0xbc, 0x7, 0xa8, 0x1f, 0xaf,
    0xf9, 0x5, 0x83, 0x8d, 0x58, 0x5a, 0xe, 0x35,
    0x80, 0xea, 0x28, 0xf0, 0x6b, 0xea, 0x7f, 0x40,
    0xf1, 0x56, 0x7, 0x87, 0xc7, 0x4c, 0x7c, 0xb,
    0xcf, 0x4e, 0xf0, 0x76, 0xee, 0xaf, 0x41, 0xbe,
    0xb7, 0x9f, 0x4, 0xca, 0x84, 0x24,

    /* U+786E "确" */
    0xf, 0xe8, 0x3f, 0xf8, 0x5c, 0xa0, 0xd4, 0xf9,
    0xbf, 0x82, 0xfa, 0x49, 0x7, 0x6, 0xf0, 0x4b,
    0x5c, 0x82, 0xc3, 0x7f, 0xc0, 0xfe, 0x76, 0xcb,
    0x3e, 0x6d, 0xff, 0x86, 0xc7, 0x77, 0xc5, 0x81,
    0xcb, 0x77, 0xd7, 0x80, 0xe5, 0xbf, 0xf0, 0x1d,
    0xe7, 0x38, 0xb0, 0xbe, 0x6c, 0xde, 0x43, 0xff,
    0x86,

    /* U+793A "示" */
    0xf, 0xe5, 0x6, 0x6f, 0xf8, 0x33, 0xd1, 0x41,
    0xff, 0xcc, 0x5e, 0xa1, 0xff, 0xfc, 0x1, 0x60,
    0x38, 0x7e, 0x50, 0xe1, 0xfb, 0x87, 0x2c, 0x35,
    0x81, 0xc1, 0xe0, 0xb4, 0x16, 0x17, 0x2, 0x7,
    0xa0, 0x90, 0xf2, 0x1f, 0x0,

    /* U+795E "神" */
    0xf, 0xfe, 0x23, 0x86, 0x70, 0xf3, 0xe0, 0xda,
    0x19, 0x71, 0x7f, 0x81, 0xf9, 0xe9, 0xce, 0x1a,
    0xde, 0x35, 0x61, 0xb8, 0xf5, 0xe7, 0xb, 0xca,
    0xfd, 0x4c, 0x17, 0xcf, 0x1b, 0x60, 0xee, 0x68,
    0x6d, 0x84, 0xe0, 0xbb, 0xe8, 0x27, 0x3, 0xf4,
    0x87, 0x61, 0xda, 0x1e, 0xd0, 0xdc, 0x1f, 0xfc,
    0x50,

    /* U+79BB "离" */
    0xe, 0x50, 0x7e, 0x5b, 0xd5, 0x90, 0x5f, 0xfa,
    0x42, 0x47, 0xd7, 0x7, 0x71, 0x7a, 0x1c, 0x2e,
    0xf5, 0xe6, 0xc2, 0xff, 0xf0, 0x4a, 0xf2, 0xf4,
    0xf, 0xff, 0x93, 0x9e, 0x54, 0xae, 0x38, 0xd5,
    0x69, 0xa7, 0x3f, 0xe3, 0x4a, 0x8, 0x7b, 0xf,
    0xfe, 0x10,

    /* U+79D1 "科" */
    0xf, 0xfe, 0x2a, 0xa4, 0x2b, 0xa, 0xfc, 0xa8,
    0xb0, 0x95, 0xa0, 0x76, 0xc2, 0x57, 0x5, 0xeb,
    0xb, 0xfc, 0x2d, 0x87, 0x70, 0x2c, 0x70, 0xa9,
    0xa1, 0x6a, 0xc2, 0xef, 0x20, 0x95, 0x85, 0xbf,
    0x21, 0x5c, 0xd, 0xd1, 0xff, 0x2b, 0x34, 0x68,
    0xd8, 0x18, 0xe0, 0xe7, 0xe, 0xe0, 0xe7, 0xf,
    0xfe, 0x20,

    /* U+79E9 "秩" */
    0xf, 0xf2, 0x1a, 0x9e, 0x8a, 0x1a, 0x15, 0x3c,
    0xf, 0x5a, 0x1d, 0xc3, 0xdf, 0x41, 0xb8, 0xb3,
    0x83, 0x5f, 0x82, 0xc3, 0xaf, 0x48, 0x2c, 0x8,
    0x1f, 0x45, 0xfe, 0x4b, 0xe6, 0x9c, 0x86, 0xef,
    0x87, 0xf, 0x6e, 0x82, 0xcf, 0x1, 0xcc, 0x2d,
    0x7, 0x83, 0x61, 0x41, 0xa0, 0xff, 0xe1, 0x80,

    /* U+79EF "积" */
    0x9, 0x50, 0x7f, 0x5f, 0x8b, 0xea, 0x4, 0xd8,
    0x3d, 0x4f, 0x41, 0x38, 0x38, 0x2d, 0x1f, 0xd4,
    0xc2, 0xd0, 0x5e, 0x9b, 0x3, 0x85, 0x7c, 0x3f,
    0xc1, 0x7e, 0x8a, 0x28, 0x37, 0x6e, 0x50, 0x3a,
    0xdc, 0x2d, 0x18, 0x1c, 0xe0, 0xb0, 0x38, 0xe3,
    0x83, 0x42, 0xd1, 0x1c, 0x70, 0xd0, 0x7f, 0xf0,
    0xc0,

    /* U+79F0 "称" */
    0xf, 0x94, 0x1e, 0x7e, 0x4e, 0xf, 0x36, 0x97,
    0x57, 0x83, 0x69, 0x7d, 0x4d, 0x15, 0xc8, 0x1c,
    0x1a, 0x7f, 0xa, 0xc0, 0x85, 0x68, 0x3b, 0x50,
    0x6f, 0x95, 0x9f, 0x5, 0x7c, 0xf1, 0xbc, 0xe,
    0xd3, 0x4e, 0x71, 0xcd, 0xb0, 0x70, 0x86, 0xd6,
    0x2e, 0xf, 0x68, 0x5c, 0x1f, 0xfc, 0x60,

    /* U+7A0B "程" */
    0xf, 0xfe, 0x34, 0xdf, 0xe0, 0x3f, 0x3e, 0x5a,
    0xc1, 0xf0, 0x3c, 0x13, 0x86, 0xd2, 0xd6, 0xb0,
    0xda, 0x3f, 0xd0, 0x29, 0xf2, 0xf8, 0x2f, 0xd3,
    0xfc, 0x81, 0xf2, 0x5, 0x6a, 0xa, 0xfa, 0x15,
    0xc8, 0x5d, 0xc9, 0xfc, 0x83, 0x74, 0x27, 0xc,
    0xe6, 0x8a, 0xb5, 0x83, 0x69, 0xff, 0x20,

    /* U+7A0D "稍" */
    0x2, 0xac, 0x4d, 0x10, 0x3f, 0x9c, 0xd5, 0x86,
    0xd0, 0x76, 0xf8, 0x36, 0x86, 0xed, 0x7, 0xf1,
    0xfe, 0x3, 0x72, 0x6a, 0x1c, 0x2b, 0x41, 0xd5,
    0xe0, 0xbd, 0x3, 0xfc, 0xb, 0xe1, 0xc2, 0x70,
    0x7e, 0xbf, 0xac, 0x77, 0xb7, 0xa7, 0x61, 0x39,
    0x38, 0x56, 0x13, 0x85, 0x81, 0xe0, 0xff, 0xe1,
    0x80,

    /* U+7A33 "稳" */
    0xf, 0xfe, 0x5b, 0x87, 0xe7, 0xf1, 0xfe, 0xc,
    0xdc, 0x5c, 0xae, 0xf, 0x70, 0x11, 0xb8, 0x33,
    0x7c, 0xff, 0xc1, 0x5f, 0x45, 0x16, 0xa0, 0x6b,
    0x81, 0xfe, 0x83, 0x7c, 0x5, 0x55, 0xa1, 0x3f,
    0x8f, 0xf0, 0x6b, 0xd4, 0x9, 0x40, 0x82, 0xde,
    0x3c, 0xd8, 0x38, 0x11, 0xbf, 0xaf, 0x2b, 0xd,
    0xa0, 0x7e, 0x83, 0xff, 0x90,

    /* U+7A7A "空" */
    0xf, 0x21, 0xff, 0xc0, 0x79, 0x69, 0x7, 0xff,
    0xf0, 0x13, 0x83, 0xf3, 0x82, 0x6, 0x7, 0x92,
    0xd, 0xe0, 0x9f, 0x21, 0xd8, 0x79, 0xf, 0xf9,
    0x54, 0xe, 0xbf, 0xe8, 0x3b, 0xab, 0xf, 0xfe,
    0x5, 0x87, 0xe5, 0xd6, 0xb8, 0x37, 0xff, 0xa0,
    0xff, 0xe1, 0x80,

    /* U+7A97 "窗" */
    0xf, 0x41, 0xf9, 0x6b, 0xd7, 0xd1, 0xff, 0xaa,
    0xcd, 0x2c, 0x1c, 0x39, 0x7d, 0x1, 0xf0, 0x83,
    0x56, 0xba, 0x42, 0xff, 0xf0, 0x1d, 0x5e, 0x91,
    0xc0, 0xe5, 0xde, 0x9c, 0x2e, 0xfe, 0x1c, 0x2c,
    0x4f, 0x87, 0xb, 0x9b, 0xe6, 0xc2, 0xff, 0xe8,
    0x3f, 0xf8, 0x40,

    /* U+7ACB "立" */
    0xf, 0x21, 0xff, 0xc1, 0xe5, 0xa0, 0xdf, 0xfe,
    0x42, 0xa2, 0xc1, 0xff, 0xc5, 0x83, 0xda, 0x19,
    0xc3, 0xd6, 0x1a, 0xc3, 0xce, 0x1b, 0x43, 0xee,
    0x3, 0x87, 0xe5, 0x3, 0x83, 0x97, 0x1, 0xd0,
    0xef, 0xff, 0xe0, 0x7, 0xe5, 0xe8,

    /* U+7AE0 "章" */
    0xf, 0xfe, 0x23, 0x87, 0xdf, 0xfd, 0x2, 0x65,
    0xad, 0x2, 0xdc, 0xaf, 0x28, 0xff, 0xf8, 0x25,
    0x57, 0x82, 0x7f, 0xf2, 0xb, 0xab, 0x8c, 0x2f,
    0xea, 0x38, 0x6f, 0xfc, 0x19, 0xa7, 0xab, 0x3f,
    0xff, 0x41, 0xdc, 0x1f, 0xfc, 0x50,

    /* U+7B14 "笔" */
    0xf, 0xfe, 0x27, 0x28, 0x75, 0xc0, 0xbf, 0x3f,
    0xc8, 0x3f, 0xe, 0xf8, 0x36, 0xd, 0x10, 0x21,
    0xe5, 0xa9, 0xf2, 0x15, 0xfe, 0x94, 0x1c, 0xb5,
    0xf8, 0x3c, 0xfe, 0xa2, 0x1f, 0x2a, 0xea, 0xf0,
    0x5f, 0xfa, 0xa0, 0x96, 0x2d, 0x75, 0x87, 0x9f,
    0xf4, 0x1f, 0xfc, 0x30,

    /* U+7B2C "第" */
    0x2, 0x1c, 0xa0, 0xe7, 0xa2, 0xf, 0x51, 0x7,
    0xf1, 0x7f, 0xe, 0x3a, 0x70, 0xe1, 0x2d, 0x5f,
    0x68, 0x2f, 0xf5, 0x5e, 0xe, 0x57, 0x2a, 0xe0,
    0x3f, 0xfe, 0x41, 0x6b, 0x70, 0xb0, 0x5f, 0xff,
    0xc0, 0xb, 0xc9, 0xc2, 0x58, 0x3c, 0x15, 0xf,
    0xa0, 0x41, 0xa8, 0x6, 0xf, 0xfe, 0x20,

    /* U+7B49 "等" */
    0xf, 0xfe, 0x2c, 0x1d, 0x21, 0xde, 0xb8, 0x7e,
    0x41, 0xfc, 0xaf, 0xc8, 0x20, 0x70, 0xc0, 0xd0,
    0xcb, 0x70, 0x7f, 0x7f, 0xe0, 0xf9, 0x5e, 0x68,
    0xa1, 0xff, 0xfe, 0x0, 0x16, 0x2, 0xdc, 0x84,
    0xff, 0xf4, 0x13, 0x52, 0xee, 0xf, 0xb8, 0xf,
    0x7, 0xce, 0x3e, 0x43, 0xff, 0x8a,

    /* U+7B97 "算" */
    0x14, 0x19, 0x2, 0xf, 0xeb, 0xf3, 0x77, 0x9b,
    0x6c, 0x62, 0x8d, 0x70, 0x1f, 0xfc, 0x81, 0xff,
    0x5a, 0x7, 0xfd, 0x68, 0x2f, 0xf5, 0x86, 0xff,
    0xc1, 0x9d, 0x61, 0xc0, 0xff, 0xfc, 0x3e, 0x5d,
    0xe5, 0x3, 0x43, 0x58, 0x7f, 0xf0, 0x80,

    /* U+7BA1 "管" */
    0x4, 0x86, 0x60, 0xe7, 0xf4, 0x7e, 0x87, 0xf4,
    0xfe, 0x90, 0x43, 0x92, 0xd, 0x9, 0xff, 0xf4,
    0xf, 0x57, 0xef, 0x3, 0x7f, 0xea, 0x60, 0x9e,
    0xbb, 0x83, 0xd9, 0xfc, 0x87, 0xba, 0xf2, 0x1e,
    0xff, 0xc8, 0x77, 0x2f, 0x68, 0x77, 0xfe, 0xf,
    0xfe, 0x28,

    /* U+7BC7 "篇" */
    0xf, 0xe8, 0x3d, 0xea, 0x25, 0xca, 0x3, 0xfa,
    0x3f, 0x40, 0xb1, 0xc6, 0x1c, 0x39, 0x6f, 0x35,
    0x6, 0xbf, 0xfa, 0xb, 0xd5, 0xf7, 0x5, 0xea,
    0xfc, 0x1b, 0x6f, 0xfa, 0xb, 0xbb, 0xa6, 0xd8,
    0x2e, 0xef, 0xf8, 0x1d, 0x3f, 0xd7, 0x81, 0x3,
    0x79, 0xce, 0xf, 0xfe, 0x18,

    /* U+7CBE "精" */
    0xf, 0xfe, 0x23, 0x81, 0xa7, 0x28, 0xd, 0x82,
    0xff, 0x3, 0xeb, 0x15, 0xf2, 0xb, 0xe8, 0xfe,
    0xd, 0xf1, 0x77, 0x50, 0x3f, 0x56, 0xfc, 0x6,
    0xe6, 0xfe, 0x82, 0xbc, 0xf9, 0x6f, 0x5, 0xf5,
    0xfa, 0xa0, 0x5e, 0x57, 0xd3, 0x40, 0x6e, 0x97,
    0x27, 0x2, 0x34, 0xbe, 0xb4, 0x36, 0x96, 0x16,
    0x87, 0xff, 0xc,

    /* U+7CFB "系" */
    0xc, 0xb5, 0x40, 0xbf, 0xf4, 0x5, 0x5c, 0x1f,
    0xde, 0xa, 0xf, 0x7f, 0x83, 0xe7, 0xc8, 0xe1,
    0xaf, 0x53, 0xe8, 0x1f, 0xe9, 0xb0, 0x72, 0x58,
    0x48, 0x50, 0x1c, 0x8, 0x56, 0x7, 0x7, 0x87,
    0x47, 0xc1, 0x60, 0x40, 0xc1, 0xe0,

    /* U+7D27 "紧" */
    0xa, 0x7, 0x45, 0x6, 0x4d, 0x29, 0xfa, 0x6,
    0x68, 0x39, 0xf2, 0xd, 0xe0, 0x7e, 0x42, 0xac,
    0x3e, 0x7e, 0xd, 0x71, 0x6, 0x42, 0xf9, 0xf2,
    0x1f, 0x5f, 0x90, 0x70, 0x6b, 0xeb, 0xf8, 0x2f,
    0xf9, 0x68, 0x26, 0xc1, 0x63, 0x6, 0xb9, 0xf4,
    0xe, 0xb, 0x41, 0x6, 0x60, 0xff, 0xe2, 0x0,

    /* U+7EAA "纪" */
    0x9, 0x41, 0xff, 0x3c, 0x5f, 0xa0, 0x9e, 0x9,
    0x6b, 0xb, 0xc8, 0x79, 0xc2, 0xbe, 0xe, 0x70,
    0xcf, 0x7, 0x58, 0x6e, 0x7, 0xf8, 0x2f, 0x1,
    0xe5, 0x7, 0x7c, 0x98, 0x7f, 0x94, 0x68, 0x68,
    0x33, 0x1a, 0x13, 0x82, 0xf8, 0xfa, 0x9e, 0x7,
    0x6, 0xa7, 0xc8, 0x7f, 0xf0, 0xc0,

    /* U+7EB2 "纲" */
    0xf, 0xfe, 0x23, 0x97, 0xfc, 0x17, 0x1d, 0x16,
    0xb0, 0x78, 0x1a, 0x19, 0xc1, 0xe9, 0xd8, 0x67,
    0x5, 0xeb, 0x7b, 0xce, 0x15, 0xba, 0xbc, 0xac,
    0x2e, 0x34, 0xf0, 0xe0, 0xb4, 0xdb, 0xca, 0xc1,
    0x7a, 0xde, 0xa3, 0xf, 0x6a, 0xd, 0x84, 0xee,
    0x86, 0x70, 0x7c, 0xe8, 0x4f, 0x2, 0xb, 0x42,
    0x60, 0xff, 0xe2, 0x0,

    /* U+7EBF "线" */
    0xf, 0xfe, 0x5b, 0x86, 0x70, 0xac, 0x1c, 0x17,
    0x4, 0xe0, 0x42, 0x74, 0xd, 0xfc, 0x17, 0xcd,
    0xf4, 0xa0, 0xcf, 0x1, 0xdb, 0x82, 0xf0, 0x2f,
    0xd2, 0xf, 0x1, 0xee, 0x2, 0xf, 0x90, 0xae,
    0xf0, 0x4a, 0xc, 0xf9, 0xe, 0x74, 0x7d, 0x6,
    0xbd, 0x37, 0x4e, 0xc7, 0x80, 0xe8, 0xfa, 0xf,
    0xfe, 0x18,

    /* U+7EC3 "练" */
    0xf, 0xfe, 0x27, 0x15, 0x72, 0xc0, 0x70, 0x7f,
    0xd0, 0x38, 0x36, 0x87, 0x5c, 0x97, 0xd0, 0x75,
    0xe1, 0xe9, 0x87, 0x3c, 0x3b, 0x6a, 0x3, 0xe0,
    0x5f, 0xe0, 0x3f, 0x1, 0x2c, 0x3e, 0x51, 0xb6,
    0x1e, 0x7d, 0x6d, 0xda, 0xf, 0x4f, 0x3a, 0xbc,
    0x4, 0x28, 0x10, 0x48,

    /* U+7EC4 "组" */
    0xf, 0xf2, 0x82, 0x74, 0x1f, 0xf0, 0x38, 0x2e,
    0x41, 0x65, 0xaa, 0x34, 0x2a, 0xf, 0xd1, 0xf8,
    0xe0, 0xac, 0x1e, 0x51, 0xc1, 0x68, 0x38, 0x2d,
    0x7, 0x90, 0x5b, 0x3a, 0xf, 0x8b, 0xf5, 0x87,
    0xeb, 0x3, 0x87, 0x49, 0x60, 0x70, 0xaf, 0x4d,
    0xaa, 0xd0, 0x70, 0x3f, 0xf2, 0x1f, 0xfc, 0x20,

    /* U+7EC6 "细" */
    0x9, 0xf, 0xfe, 0x7, 0x81, 0xff, 0x1, 0xc1,
    0x6d, 0xab, 0x4e, 0x7b, 0x1c, 0x18, 0xfd, 0x38,
    0xe3, 0x81, 0xf0, 0xed, 0xce, 0x17, 0x17, 0xf3,
    0x82, 0xc0, 0xed, 0x96, 0xf, 0xc6, 0xac, 0xb0,
    0x96, 0x35, 0x65, 0x3, 0xa3, 0x9c, 0xe0, 0xaf,
    0x1e, 0xb7, 0x81, 0x70, 0x2f, 0xe4, 0x3f, 0xf8,
    0x60,

    /* U+7ECF "经" */
    0xe, 0x7a, 0x28, 0x3b, 0xc3, 0x7f, 0x5, 0xe0,
    0xf5, 0xc0, 0x7c, 0x86, 0xb8, 0x33, 0xe8, 0x1f,
    0xa0, 0xee, 0x7c, 0x7, 0xc8, 0x3c, 0x78, 0x3a,
    0x5, 0x84, 0xfe, 0x82, 0xf9, 0x3, 0x72, 0x19,
    0x90, 0x9c, 0x3c, 0xdc, 0xb, 0xe, 0xf4, 0xaf,
    0xf8, 0x8, 0x6a, 0x2e, 0x0,

    /* U+7ED3 "结" */
    0xf, 0xfe, 0x2e, 0x19, 0xc3, 0xde, 0xc, 0xeb,
    0x2, 0xd1, 0xff, 0x81, 0xe8, 0xa, 0xb0, 0xe6,
    0xe0, 0xad, 0x41, 0x9d, 0x3f, 0xc8, 0x5c, 0x5,
    0x7, 0xde, 0xb, 0xfd, 0x2, 0xf9, 0xe5, 0xb8,
    0x33, 0x1a, 0x17, 0x6, 0x73, 0x42, 0xd0, 0x3f,
    0x3c, 0xb6, 0x83, 0xc8, 0x2f, 0xe0, 0xff, 0xe2,
    0x0,

    /* U+7EDC "络" */
    0xf, 0x90, 0xfc, 0xe0, 0xb5, 0x7, 0xb8, 0x7f,
    0xe0, 0x78, 0x1c, 0x15, 0xe0, 0x7a, 0x72, 0xee,
    0xd, 0x70, 0x2f, 0x83, 0xbc, 0x7, 0x9f, 0x40,
    0xf0, 0x2e, 0x9, 0x81, 0xf3, 0xa0, 0x68, 0x19,
    0x81, 0x7f, 0x21, 0x98, 0xb0, 0xb0, 0xd7, 0x87,
    0x55, 0x85, 0x68, 0x5f, 0xa0, 0xff, 0xe2, 0x0,

    /* U+7EDF "统" */
    0xf, 0xca, 0xf, 0x58, 0x15, 0xea, 0x80, 0xe9,
    0x7f, 0xc0, 0xf1, 0xab, 0x43, 0xae, 0xf1, 0xe0,
    0xac, 0x7e, 0x6e, 0xaf, 0x82, 0xe1, 0xfe, 0xb4,
    0xf0, 0x4e, 0x38, 0x83, 0xe8, 0xb1, 0xc3, 0xca,
    0x38, 0x70, 0xeb, 0x8d, 0x1e, 0xb, 0xc8, 0xe1,
    0x5e, 0x2, 0x13, 0x7, 0x20,

    /* U+7EE7 "继" */
    0xf, 0xfe, 0x25, 0x92, 0x4, 0x39, 0xd3, 0x63,
    0x9c, 0x74, 0x1b, 0xdd, 0xc3, 0xe8, 0xd6, 0xfa,
    0xb, 0xc7, 0x7f, 0x40, 0x74, 0xd3, 0xd0, 0x6f,
    0x3, 0x57, 0xc8, 0x2e, 0x4d, 0xbf, 0x43, 0xf3,
    0xbb, 0xb4, 0xf, 0x6e, 0x68, 0x66, 0xde, 0x8f,
    0x28, 0x7d, 0x17, 0xfc, 0x87, 0xff, 0x8,

    /* U+7EEA "绪" */
    0xf, 0xda, 0x1e, 0xd0, 0x2b, 0xf2, 0xb, 0x3,
    0xfa, 0x80, 0x7c, 0x84, 0xe5, 0x2, 0xbd, 0x2a,
    0xfd, 0x4, 0xef, 0xfe, 0xb, 0x81, 0xf2, 0xa8,
    0xf, 0x3, 0xff, 0x3, 0xe6, 0x98, 0x4e, 0x12,
    0x87, 0xf4, 0xe1, 0x34, 0x7d, 0x25, 0x8f, 0xc8,
    0xeb, 0x78, 0x10, 0x77, 0xf4, 0x0,

    /* U+7EED "续" */
    0xf, 0xd2, 0x1e, 0xa0, 0xff, 0x82, 0x74, 0x27,
    0x94, 0x17, 0x80, 0xab, 0xac, 0x5e, 0x8b, 0xfe,
    0x57, 0xc1, 0x42, 0x38, 0x5c, 0x7, 0xba, 0x60,
    0x70, 0x3a, 0xb0, 0xef, 0x92, 0x7d, 0x79, 0x3d,
    0x2, 0xfd, 0x21, 0xc9, 0xf1, 0x6, 0xbe, 0x1d,
    0x3d, 0x2, 0x88, 0x2c, 0x2b, 0xf, 0xfe, 0x18,

    /* U+7F13 "缓" */
    0xf, 0x2a, 0xad, 0xa, 0xc7, 0xf5, 0x84, 0xe8,
    0x13, 0x56, 0x17, 0x1, 0xc5, 0x70, 0x2e, 0xf3,
    0xfe, 0x87, 0xe5, 0x5e, 0x5c, 0x17, 0xd, 0xfe,
    0x4b, 0x5, 0xea, 0x94, 0xf, 0xc5, 0xfe, 0x4a,
    0x28, 0xf4, 0xde, 0x9, 0xd3, 0x7f, 0x5, 0xf1,
    0x67, 0xf0, 0x10, 0x98, 0xd1, 0x83, 0xff, 0x86,

    /* U+7F29 "缩" */
    0xf, 0x30, 0x7c, 0xe1, 0x5c, 0xd4, 0xe, 0x7f,
    0xfa, 0x98, 0xe8, 0x7b, 0x6f, 0x8, 0xfe, 0xb0,
    0x59, 0x75, 0x68, 0x6b, 0xbc, 0x36, 0xa0, 0xb8,
    0x77, 0xfa, 0x1f, 0x46, 0xe8, 0x38, 0x78, 0x1d,
    0xf3, 0xa1, 0x5b, 0xbc, 0xd, 0x7, 0x93, 0x2d,
    0xb0, 0x90, 0xb1, 0xfc, 0x1f, 0xfc, 0x40,

    /* U+7F51 "网" */
    0xf, 0xfe, 0x1f, 0xff, 0xf0, 0x7, 0x97, 0xf5,
    0x8e, 0x1a, 0x7, 0x38, 0x3b, 0x56, 0x3b, 0x60,
    0xdb, 0xd1, 0xe2, 0xc1, 0xa5, 0xc6, 0x94, 0x6,
    0x97, 0xe0, 0x70, 0x34, 0xe7, 0x81, 0xc0, 0xd5,
    0x97, 0xa3, 0x41, 0xcc, 0x6a, 0x8d, 0x7, 0x2,
    0xc2, 0x74, 0x12, 0x5, 0x1, 0xf0, 0x7f, 0xf1,
    0x0,

    /* U+7F6E "置" */
    0xf, 0xfe, 0x1d, 0xff, 0xc1, 0x7a, 0xe9, 0xab,
    0x41, 0xff, 0xe0, 0x9a, 0xbd, 0x4e, 0x3, 0xff,
    0xf0, 0x2b, 0x7a, 0xa4, 0x2b, 0xff, 0x41, 0x5f,
    0xe7, 0x82, 0xbf, 0xc6, 0x84, 0xff, 0x8d, 0xb,
    0xfe, 0x34, 0xd, 0xd7, 0xb9, 0x3f, 0xff, 0x80,
    0x1f, 0xfc, 0x10,

    /* U+8003 "考" */
    0xe, 0x70, 0xff, 0x2a, 0xef, 0x7, 0x9f, 0xea,
    0x78, 0x3e, 0xb0, 0x79, 0xc, 0xab, 0xd7, 0xf2,
    0x5f, 0xea, 0x2c, 0x1e, 0xf4, 0xb0, 0x79, 0xff,
    0x90, 0xd7, 0xa0, 0xc8, 0x6f, 0x3f, 0xf8, 0x28,
    0xb, 0xc5, 0x87, 0x34, 0x58, 0xe0, 0xeb, 0xfe,
    0x43, 0xff, 0x88,

    /* U+8054 "联" */
    0xf, 0x21, 0x94, 0xf, 0xf1, 0xa7, 0x81, 0x6a,
    0xd3, 0x9d, 0x3, 0x8e, 0x5f, 0xa0, 0x3f, 0x80,
    0xfa, 0x80, 0x75, 0x61, 0x70, 0x67, 0x56, 0x37,
    0xad, 0x3e, 0xb7, 0xf5, 0x13, 0xc0, 0xc1, 0xc1,
    0xce, 0x3a, 0x76, 0x19, 0xef, 0x9c, 0xf0, 0x1f,
    0xe3, 0x81, 0xc0, 0x40, 0xe6, 0x81, 0xc3, 0xff,
    0x86,

    /* U+80CC "背" */
    0xa, 0xc1, 0xa1, 0x3f, 0x81, 0xfa, 0x15, 0x60,
    0xf5, 0x11, 0xbc, 0xd, 0x15, 0xfc, 0xf, 0xd0,
    0x1a, 0x2d, 0x50, 0x5f, 0xf8, 0x27, 0x5a, 0x56,
    0x7, 0xfc, 0xc, 0x2b, 0x55, 0x4e, 0x82, 0xfe,
    0x8d, 0x5, 0x86, 0xed, 0x2, 0x83, 0x5e, 0x43,
    0xff, 0x82,

    /* U+80F8 "胸" */
    0xf, 0xfe, 0x1b, 0x71, 0xe4, 0x3d, 0xf9, 0xff,
    0x81, 0xcf, 0x40, 0x2a, 0xc1, 0xd3, 0x60, 0x6a,
    0xc1, 0xf9, 0xfc, 0x38, 0x38, 0xde, 0xef, 0x81,
    0xc6, 0xff, 0x58, 0xfa, 0xef, 0x4f, 0x63, 0xfa,
    0xfe, 0x70, 0x69, 0xb7, 0x34, 0xc1, 0xde, 0xd,
    0x7a, 0xc, 0x87, 0x28, 0x20,

    /* U+80FD "能" */
    0xa, 0xf, 0xfe, 0x5, 0x81, 0x28, 0x21, 0xb8,
    0x1b, 0xf9, 0xb, 0xf9, 0xf4, 0x1c, 0xbc, 0x79,
    0x60, 0x95, 0x51, 0x7e, 0x5, 0xca, 0xe8, 0x87,
    0x5b, 0x3d, 0xc0, 0x41, 0xfa, 0xea, 0x7c, 0xb,
    0xb, 0xa7, 0xc1, 0x3b, 0xdd, 0x38, 0x33, 0xb4,
    0xd5, 0xaa, 0x3, 0x85, 0xa7, 0xe0, 0xff, 0xe1,
    0x80,

    /* U+8111 "脑" */
    0xf, 0xca, 0xe, 0xfc, 0x15, 0x81, 0x6, 0xad,
    0xbf, 0xc9, 0xab, 0x68, 0xb0, 0x5f, 0xc8, 0x7e,
    0x7a, 0x6f, 0x67, 0x84, 0xc1, 0xbb, 0xf0, 0xe7,
    0x4d, 0xd5, 0xe1, 0xcf, 0xcf, 0x7c, 0xac, 0xc1,
    0xbf, 0x37, 0x66, 0xe, 0xf4, 0x15, 0x98, 0xf7,
    0x9b, 0xf1, 0x9c, 0x5e, 0xa3, 0x61, 0xff, 0xc2,

    /* U+81EA "自" */
    0xf, 0xfe, 0x27, 0x7, 0xf5, 0xa2, 0xa4, 0x17,
    0xff, 0x3, 0x96, 0x9, 0xc7, 0x97, 0x87, 0x2f,
    0xf8, 0x70, 0x70, 0x7a, 0xc1, 0x6b, 0x51, 0xb0,
    0x5f, 0xea, 0x80, 0xe1, 0xee, 0x3, 0xaf, 0xb8,
    0x2f, 0xfc, 0x87, 0xff, 0x4,

    /* U+8282 "节" */
    0xf, 0xe4, 0x32, 0xbd, 0x5b, 0xe8, 0xff, 0xea,
    0x82, 0x70, 0xac, 0x39, 0x7e, 0x94, 0xb, 0xff,
    0xc1, 0xd4, 0xc, 0xe1, 0xdc, 0x1d, 0xa1, 0xb8,
    0x3b, 0x43, 0x68, 0x1f, 0x83, 0xb4, 0x79, 0xf,
    0x68, 0x7f, 0xd8, 0x7e,

    /* U+82E6 "苦" */
    0xc, 0x86, 0x43, 0xd6, 0x2a, 0xfa, 0x7f, 0xfd,
    0x24, 0xad, 0x3, 0x87, 0xf4, 0x87, 0xfd, 0xca,
    0xa0, 0x3f, 0xfe, 0x2, 0xc0, 0xb0, 0xf9, 0xff,
    0xe0, 0xae, 0x5e, 0xb0, 0xa8, 0x1e, 0xb0, 0xad,
    0x7d, 0xc1, 0x3f, 0xf9, 0x0,

    /* U+82F1 "英" */
    0xf, 0xe6, 0xf, 0x72, 0xd7, 0xa4, 0x1f, 0xfe,
    0x90, 0xce, 0x1b, 0xf, 0xfb, 0x43, 0xeb, 0xff,
    0x7, 0x73, 0x6b, 0x61, 0xdc, 0x70, 0x1c, 0x33,
    0xd3, 0x41, 0x61, 0x5f, 0xff, 0xc0, 0xd, 0xe0,
    0xaf, 0x28, 0x27, 0xe, 0xb8, 0x35, 0x3, 0xcc,
    0x1f, 0xfc, 0x40,

    /* U+843D "落" */
    0xf, 0xe5, 0x7, 0xad, 0x6b, 0xf0, 0x3f, 0xfc,
    0xa0, 0x2a, 0xc3, 0x70, 0x7c, 0x9c, 0xa0, 0xeb,
    0xc5, 0xfe, 0xc, 0xc3, 0x47, 0xd0, 0x52, 0x13,
    0xf4, 0x1b, 0xe5, 0x7a, 0xfa, 0x9, 0xde, 0xd,
    0x61, 0x78, 0x7f, 0xc1, 0x3a, 0x5c, 0xab, 0xb,
    0xc0, 0xb5, 0xac, 0x25, 0x1, 0xff, 0x7, 0xff,
    0x10,

    /* U+884C "行" */
    0xf, 0xfe, 0x25, 0x8b, 0xe0, 0xbc, 0x9f, 0xe4,
    0xf0, 0x7f, 0xf0, 0x5c, 0xb, 0xe0, 0x5c, 0xff,
    0xc5, 0xe0, 0xf5, 0x82, 0xf0, 0x7a, 0x81, 0x38,
    0x7b, 0x82, 0x70, 0xf7, 0x4, 0xe1, 0xed, 0x9,
    0xc0, 0xf4, 0xd0, 0x9c, 0xd, 0xf0, 0x7f, 0xf0,
    0xc0,

    /* U+8868 "表" */
    0xf, 0xfe, 0x47, 0xf8, 0x37, 0xf4, 0xb8, 0x32,
    0xed, 0xf, 0xea, 0xbf, 0x83, 0xd7, 0x7a, 0xa0,
    0xcb, 0x53, 0xfd, 0x3, 0xfe, 0xac, 0x87, 0x7e,
    0x2, 0x83, 0x3e, 0x4f, 0xd0, 0x57, 0xc1, 0x5c,
    0x13, 0xce, 0x1a, 0xe0, 0xf7, 0xc8, 0x1e, 0xe,
    0xf2, 0x19, 0x41, 0xff, 0xc3,

    /* U+88AB "被" */
    0xf, 0xfe, 0x22, 0x1e, 0xd0, 0xed, 0x9, 0x5d,
    0x49, 0xf8, 0xff, 0xc5, 0x3c, 0xe0, 0xd3, 0x81,
    0x63, 0x83, 0x83, 0x3d, 0x1e, 0x9c, 0xa0, 0x7e,
    0xbf, 0xe5, 0x77, 0xac, 0x63, 0xc1, 0x5f, 0x87,
    0xe4, 0x2e, 0x1c, 0x1e, 0x83, 0x71, 0x63, 0xf2,
    0x16, 0x96, 0xf1, 0x21, 0xf9, 0x83, 0x80,

    /* U+8981 "要" */
    0xf, 0xfe, 0x15, 0xff, 0xf0, 0x15, 0xe5, 0x72,
    0xc0, 0x57, 0x95, 0xca, 0x3, 0xff, 0xe4, 0x72,
    0x83, 0xb6, 0x7, 0xff, 0xa0, 0x9b, 0x97, 0x6,
    0xff, 0xfe, 0x0, 0xdc, 0xba, 0x81, 0xdf, 0x53,
    0xd0, 0x75, 0xfe, 0x90, 0xbe, 0x40, 0xde, 0x40,
    0x87, 0xf8,

    /* U+89C9 "觉" */
    0xf, 0xf4, 0x1d, 0x67, 0x2, 0xc3, 0x9d, 0x58,
    0x39, 0x43, 0xdd, 0xff, 0x87, 0xea, 0x96, 0x1c,
    0x73, 0xfe, 0x9c, 0x69, 0xd1, 0x6e, 0xe, 0xb2,
    0xc1, 0xc1, 0xd6, 0x70, 0x38, 0x39, 0xec, 0xed,
    0xf, 0x7a, 0x38, 0x3e, 0xf2, 0xb, 0x58, 0x27,
    0xc, 0xfe, 0x83, 0xff, 0x86,

    /* U+89E3 "解" */
    0xf, 0xfe, 0x26, 0x85, 0xfe, 0x5, 0xf9, 0x5e,
    0x6c, 0x1e, 0xa6, 0xae, 0x1c, 0x8, 0x51, 0xe5,
    0x58, 0x3f, 0xd0, 0xfa, 0x7, 0x2a, 0xc8, 0x50,
    0x5f, 0xe7, 0xf4, 0x3d, 0xeb, 0xbe, 0x91, 0xef,
    0xcb, 0x61, 0x3f, 0xe0, 0x3d, 0x8e, 0x6a, 0xcb,
    0xe4, 0xb1, 0x5e, 0xbe, 0xf, 0x98, 0x27, 0x8,

    /* U+8BA1 "计" */
    0xf, 0xfe, 0x1f, 0x7, 0x38, 0x73, 0xe0, 0xce,
    0x1f, 0x21, 0x9c, 0x39, 0xa0, 0x15, 0x7e, 0x1f,
    0x9f, 0xea, 0x21, 0x38, 0x81, 0xc3, 0xd6, 0x19,
    0xc3, 0xda, 0x19, 0xc3, 0xd8, 0x73, 0x87, 0x38,
    0x73, 0x87, 0x70, 0x73, 0x87, 0x7e, 0xa, 0xc3,
    0xcb, 0x4, 0xe1, 0x80,

    /* U+8BA4 "认" */
    0x14, 0x1f, 0xfc, 0xb, 0x83, 0xac, 0x39, 0xc3,
    0xb8, 0x3f, 0xe7, 0xc, 0xfc, 0x1b, 0x83, 0xd6,
    0x85, 0xa1, 0xe7, 0xa, 0xc3, 0xee, 0xb, 0xc8,
    0x7b, 0x40, 0xfc, 0x86, 0x70, 0xb8, 0xb4, 0x2f,
    0x20, 0xd0, 0x5a, 0xf, 0x9b, 0xd, 0x60, 0x90,
    0x68, 0x7f, 0xf2, 0x40,

    /* U+8BA9 "让" */
    0xf, 0xfe, 0x1d, 0x3, 0x58, 0x79, 0xf0, 0x56,
    0x1f, 0x90, 0x9c, 0x39, 0xe4, 0x27, 0x68, 0x15,
    0xe0, 0x9f, 0xa0, 0xd6, 0x13, 0x87, 0xdc, 0x13,
    0x87, 0xda, 0x13, 0x87, 0x9c, 0x3b, 0xf, 0x70,
    0x76, 0x1e, 0xe8, 0x1b, 0x5c, 0xf, 0x9f, 0xfc,
    0x87, 0x4b, 0x7, 0x0,

    /* U+8BAE "议" */
    0x14, 0x1f, 0xfc, 0xb, 0xc, 0xe8, 0x30, 0xb8,
    0xd3, 0xc5, 0x84, 0x82, 0xc2, 0x74, 0xbe, 0x7,
    0x81, 0xc1, 0x9d, 0x1d, 0xb0, 0xe7, 0xa, 0xf2,
    0x1d, 0x61, 0xbc, 0x1e, 0xd0, 0xaf, 0x41, 0x9c,
    0x27, 0x56, 0x85, 0x6c, 0x70, 0x3c, 0x17, 0xd4,
    0xc3, 0x70, 0x28, 0x9, 0xc, 0xa0, 0xff, 0xe1,
    0x80,

    /* U+8BB0 "记" */
    0x14, 0x12, 0x1f, 0xbe, 0x1f, 0xf2, 0x13, 0x86,
    0x55, 0xe0, 0xff, 0xe0, 0x70, 0xfa, 0xe, 0x56,
    0x81, 0xb6, 0xff, 0x6, 0x72, 0xd0, 0xfd, 0x65,
    0x87, 0xf7, 0xe, 0x1f, 0x9c, 0xe, 0x1c, 0x82,
    0xc0, 0xe1, 0x9c, 0x1e, 0x41, 0xcb, 0x78, 0x17,
    0xa3, 0xfc, 0x87, 0xff, 0xc,

    /* U+8BBA "论" */
    0xf, 0xcc, 0x19, 0xf4, 0x85, 0xc1, 0xcd, 0xa0,
    0xf8, 0x3a, 0x42, 0xf3, 0xe4, 0x2f, 0x8b, 0xa,
    0xe0, 0xad, 0xd0, 0xca, 0xb, 0x41, 0xc1, 0xf3,
    0x85, 0xc0, 0xb0, 0xac, 0x2e, 0x9e, 0x42, 0xd0,
    0xbe, 0x43, 0x3a, 0x17, 0x7, 0xde, 0x81, 0xfa,
    0x88, 0x4e, 0x13, 0x4f, 0x41, 0xff, 0xc3,

    /* U+8BBE "设" */
    0xf, 0xfe, 0x1d, 0x2, 0xfe, 0x82, 0x78, 0xb5,
    0xac, 0x33, 0x94, 0x9, 0xc3, 0xee, 0x9, 0xf0,
    0xfc, 0x21, 0xca, 0xa, 0xcb, 0xd5, 0x21, 0xac,
    0x6a, 0xf8, 0x37, 0x2, 0x5, 0xc1, 0xb4, 0x1f,
    0x90, 0xed, 0xb, 0xe4, 0x33, 0xe9, 0xf1, 0x79,
    0x3, 0xe7, 0xc1, 0xbc, 0x12, 0x1f, 0xf0,

    /* U+8BC1 "证" */
    0x20, 0xff, 0xe0, 0xf8, 0x17, 0xf9, 0xb, 0xc5,
    0x6d, 0xf, 0xf9, 0xc3, 0xbd, 0x6, 0x70, 0xe6,
    0xd3, 0x1f, 0x83, 0x38, 0x31, 0xc3, 0xdc, 0xd,
    0x58, 0x7b, 0x41, 0xab, 0xe, 0x70, 0xb6, 0xc3,
    0xae, 0x7, 0x4c, 0x8, 0x3e, 0x6f, 0xf9, 0x38,
    0x1d, 0x16, 0xf, 0xfe, 0x28,

    /* U+8BC6 "识" */
    0xf, 0xfe, 0x1f, 0x1, 0xff, 0x80, 0xf9, 0xb9,
    0x6b, 0xd, 0x16, 0x1a, 0xc0, 0x84, 0xe1, 0xb8,
    0xbe, 0x1c, 0x37, 0x5, 0x60, 0xff, 0x21, 0x70,
    0x2a, 0x50, 0x76, 0x81, 0x80, 0x87, 0x61, 0x58,
    0x34, 0x27, 0xb3, 0x81, 0x61, 0x5e, 0x56, 0x1b,
    0xc0, 0xb0, 0x58, 0x74, 0x1f, 0xfc, 0x30,

    /* U+8BCD "词" */
    0xe, 0x50, 0x73, 0xc3, 0xfe, 0x8b, 0x43, 0x2a,
    0xc3, 0x5e, 0xa2, 0xbf, 0xd, 0x5e, 0x75, 0x68,
    0x79, 0xc7, 0x1f, 0xd3, 0x96, 0x38, 0x39, 0xce,
    0x1c, 0x1a, 0xb3, 0x47, 0x1c, 0x73, 0x81, 0xf8,
    0xb2, 0xf0, 0xb0, 0xe8, 0x7f, 0x90,

    /* U+8BD5 "试" */
    0x10, 0xf5, 0x4, 0x2f, 0x7, 0x5b, 0x86, 0xf0,
    0x15, 0x77, 0x83, 0x9f, 0xfa, 0x1f, 0x21, 0xda,
    0x19, 0xe7, 0xe7, 0x83, 0xb4, 0x78, 0xb0, 0xec,
    0x2d, 0x1c, 0x33, 0x85, 0x85, 0x86, 0xa0, 0x1c,
    0x2d, 0xb, 0x91, 0xf8, 0xf0, 0x5f, 0x5e, 0x90,
    0x78, 0xa, 0x14, 0x1e, 0x40,

    /* U+8BDD "话" */
    0x2, 0x1e, 0x55, 0xb, 0xc9, 0xfe, 0x82, 0x40,
    0xae, 0xd, 0xa1, 0xdc, 0xb1, 0x78, 0xff, 0xc0,
    0x71, 0x6e, 0xe, 0xb0, 0xda, 0x1d, 0xc3, 0x7f,
    0x40, 0xd3, 0xd5, 0x3c, 0xc, 0x1c, 0x1b, 0x87,
    0x9e, 0xd, 0xa5, 0xe6, 0xd7, 0x68, 0x10, 0x3f,
    0xe0, 0xff, 0xe1, 0x0,

    /* U+8BE5 "该" */
    0xf, 0xfe, 0x22, 0x19, 0xc3, 0xee, 0x9, 0xd6,
    0x82, 0xb3, 0xff, 0x6, 0x47, 0xc8, 0x86, 0xf4,
    0x3a, 0x58, 0x66, 0xcb, 0x6d, 0xe, 0xb0, 0x5e,
    0x88, 0x37, 0x5, 0xe2, 0xd0, 0xb4, 0x1e, 0x2d,
    0x9, 0xc1, 0x63, 0xc1, 0xb8, 0x1a, 0xbe, 0x42,
    0xf9, 0x1e, 0x2d, 0x9, 0x81, 0x40, 0xa8, 0x1f,
    0xfc, 0x30,

    /* U+8BE6 "详" */
    0xf, 0xfe, 0x63, 0x85, 0xc0, 0x70, 0xb8, 0x27,
    0x41, 0xc3, 0xe8, 0x3d, 0xff, 0x40, 0xf4, 0x4a,
    0xd0, 0xe7, 0xc1, 0xb5, 0x83, 0x39, 0x7f, 0x90,
    0xac, 0x5b, 0x43, 0xdc, 0x1b, 0x43, 0xda, 0x13,
    0xa1, 0xce, 0x5f, 0xf8, 0x17, 0x91, 0x5a, 0xe0,
    0x5a, 0x13, 0x87, 0xff, 0x1c,

    /* U+8BED "语" */
    0xf, 0xfe, 0x1b, 0x82, 0xff, 0x41, 0x70, 0x1b,
    0x5c, 0x13, 0x84, 0xe2, 0x1f, 0xdf, 0xe0, 0x3f,
    0x1, 0xe6, 0xc0, 0xfc, 0x16, 0x9e, 0x42, 0xb3,
    0xff, 0x5, 0x41, 0x70, 0x7d, 0xc3, 0xfe, 0x42,
    0xd1, 0xd7, 0x70, 0x5a, 0xc, 0x36, 0x81, 0xf8,
    0xe5, 0x58, 0x6e, 0x4b, 0xf4, 0x1f, 0xfc, 0x40,

    /* U+8BF5 "诵" */
    0xf, 0xfe, 0x1c, 0x82, 0xff, 0x5, 0x68, 0x17,
    0x78, 0x35, 0x85, 0xe, 0x87, 0xf7, 0xd0, 0x4f,
    0xc, 0xdf, 0xc9, 0x73, 0xfd, 0x3a, 0xe, 0x74,
    0x74, 0xd0, 0x6a, 0xff, 0x1a, 0xd, 0xbd, 0x4c,
    0x18, 0x1c, 0x1a, 0xae, 0x98, 0x2d, 0x37, 0xfc,
    0xb, 0xd6, 0x8e, 0x38, 0x1d, 0x34, 0x60, 0x41,
    0xff, 0xc3,

    /* U+8BF7 "请" */
    0xf, 0xfe, 0x55, 0xb2, 0xb, 0x4b, 0xfd, 0x5,
    0x60, 0xa7, 0xa8, 0x1f, 0xbf, 0xc1, 0x7a, 0x2a,
    0xf5, 0x41, 0x3d, 0x7f, 0x6, 0xd3, 0xfd, 0x4,
    0xe3, 0xd4, 0xd8, 0x4e, 0x7f, 0x9c, 0x2b, 0x2f,
    0x56, 0xc2, 0xe0, 0x7f, 0xc1, 0x7c, 0x72, 0x3e,
    0xb, 0x93, 0x81, 0x68, 0x7f, 0xf0, 0xc0,

    /* U+8BFB "读" */
    0xf, 0xfe, 0x14, 0x1e, 0xd0, 0xde, 0x5, 0xfe,
    0x3, 0x81, 0x6e, 0x50, 0x24, 0x7f, 0xa8, 0xaf,
    0x43, 0xea, 0x7c, 0xe, 0x5, 0x8a, 0xa0, 0x35,
    0x6a, 0x3b, 0x47, 0x5, 0xde, 0xd, 0x61, 0x37,
    0x28, 0x1c, 0x7f, 0xe0, 0x68, 0x1f, 0xf, 0xf,
    0xc3, 0xa0, 0x74, 0x90, 0x50, 0x32, 0x1f, 0xfc,
    0x20,

    /* U+8C03 "调" */
    0xf, 0xfe, 0x1b, 0xf, 0xfd, 0x1, 0xe9, 0xaf,
    0x58, 0x49, 0x40, 0x60, 0x71, 0x92, 0x9f, 0xd6,
    0x3e, 0x7a, 0xb5, 0xb0, 0xb7, 0x9f, 0xce, 0x7,
    0x35, 0x51, 0x6c, 0x16, 0x69, 0xf2, 0x60, 0xe3,
    0x56, 0xf1, 0x83, 0x4d, 0x59, 0xa6, 0x98, 0x31,
    0xf9, 0x35, 0x7a, 0xc3, 0x9f, 0x1, 0x42, 0x1c,
    0xc0,

    /* U+8C5A "豚" */
    0xf, 0xfe, 0x2f, 0xe2, 0x9f, 0xc1, 0x74, 0xdf,
    0xca, 0xd, 0xa6, 0xf, 0x21, 0xee, 0x9b, 0xf4,
    0x1d, 0xfd, 0x63, 0xc1, 0x9d, 0x34, 0x7d, 0x18,
    0x5c, 0xed, 0xdd, 0x30, 0xbf, 0x32, 0x7c, 0x85,
    0xa6, 0x82, 0xed, 0xb, 0x4d, 0x5f, 0x16, 0x83,
    0x57, 0x73, 0x82, 0x4b, 0x38, 0x47, 0xf, 0xfe,
    0x38,

    /* U+8D25 "败" */
    0xf, 0xa4, 0x3b, 0xf4, 0x70, 0x77, 0x57, 0x7e,
    0xa1, 0xa0, 0xed, 0x5e, 0x8d, 0x7, 0xc0, 0xf0,
    0x37, 0xbe, 0x1d, 0x7, 0x76, 0x27, 0x82, 0x6d,
    0xcb, 0xc8, 0x6e, 0x10, 0x78, 0x3b, 0x82, 0x7e,
    0xa, 0xf8, 0x1e, 0x3c, 0xe, 0x3c, 0xe8, 0x34,
    0x90, 0x2a, 0xe,

    /* U+8D26 "账" */
    0xf, 0xfe, 0x13, 0xfc, 0x50, 0x8, 0x2d, 0x56,
    0x71, 0x60, 0xb0, 0x39, 0xce, 0x82, 0xc5, 0x67,
    0x50, 0x4e, 0xf6, 0x72, 0xa8, 0x3d, 0xbd, 0xfd,
    0xf, 0xa7, 0x79, 0x41, 0x9d, 0x63, 0x9c, 0x35,
    0xd8, 0x38, 0xe0, 0xb8, 0xd3, 0x47, 0xb, 0x4b,
    0x3b, 0x7c, 0x38, 0x5b, 0xf2, 0xb0, 0xff, 0xe1,
    0x80,

    /* U+8D5E "赞" */
    0xf, 0xfe, 0x1e, 0xda, 0x3b, 0xc1, 0x7f, 0x37,
    0xe8, 0x14, 0xf4, 0x94, 0xd4, 0xf, 0xea, 0x7f,
    0x2, 0xdb, 0x9e, 0x98, 0x56, 0x3e, 0x76, 0xf0,
    0x48, 0x74, 0x6, 0xa, 0xff, 0xe0, 0xdc, 0xb7,
    0x36, 0x1b, 0x87, 0xc9, 0xc1, 0xeb, 0x86, 0x43,
    0xaf, 0x20, 0xbd, 0x6, 0xd0, 0xf3, 0x87, 0xff,
    0x10,

    /* U+8D70 "走" */
    0xf, 0xfe, 0x3f, 0x7, 0xf2, 0xbf, 0x83, 0xbf,
    0xa8, 0x87, 0x28, 0xd0, 0xf5, 0x77, 0x2f, 0x1f,
    0xff, 0x41, 0xf4, 0x1f, 0xa0, 0xb9, 0x60, 0x9c,
    0x2f, 0xe0, 0xbc, 0x8e, 0x1e, 0x7b, 0xf2, 0x1d,
    0xc1, 0x3f, 0xa4, 0x43, 0xe6, 0xe0, 0xff, 0xe0,
    0x80,

    /* U+8D77 "起" */
    0xf, 0xfe, 0x2f, 0x7, 0xf9, 0xbc, 0xa3, 0xf2,
    0xb, 0xf4, 0x55, 0xc1, 0xb8, 0x3d, 0xc0, 0xa7,
    0xa8, 0x33, 0xa3, 0xfa, 0x8f, 0xe0, 0xf5, 0x1,
    0xa1, 0xce, 0x7c, 0x68, 0x75, 0x9e, 0x8e, 0x8a,
    0x7, 0x1c, 0xb, 0xf0, 0x3f, 0xa8, 0xa0, 0xce,
    0xb5, 0x3f, 0xc3, 0x7, 0xe5, 0x40,

    /* U+8D85 "超" */
    0xf, 0xfe, 0x26, 0x83, 0xf9, 0x2f, 0xc5, 0xce,
    0x94, 0xe4, 0x70, 0x68, 0xaf, 0x53, 0x87, 0x1f,
    0xd4, 0xd5, 0xe0, 0xca, 0x6, 0xa9, 0x6, 0xd1,
    0x5f, 0xc0, 0xdb, 0xd6, 0x36, 0xd, 0x21, 0xfe,
    0x6, 0x9, 0x55, 0x91, 0xff, 0xf4, 0x9e, 0x43,
    0x34, 0xf0, 0x7f, 0xf0, 0x40,

    /* U+8D8A "越" */
    0xf, 0xfe, 0x36, 0x19, 0xdc, 0xd, 0x38, 0x27,
    0xb0, 0x5f, 0x87, 0xf8, 0x33, 0x82, 0xde, 0xb,
    0xfa, 0x99, 0x52, 0x2a, 0xc1, 0x63, 0xe4, 0x27,
    0x47, 0x3c, 0x86, 0xbc, 0xae, 0xf2, 0xb, 0xb0,
    0x38, 0x38, 0x1f, 0x82, 0x80, 0xa1, 0xff, 0x51,
    0xd, 0x61, 0x37, 0xf9, 0xf, 0xf2, 0xa0,

    /* U+8DB3 "足" */
    0xf, 0xcb, 0x7, 0x5f, 0xfa, 0xd, 0xe5, 0x82,
    0xe0, 0xd6, 0x1e, 0xd0, 0xce, 0xbe, 0xd0, 0xef,
    0xfc, 0x1f, 0xee, 0xf, 0xc8, 0x5e, 0xb4, 0x35,
    0x85, 0xea, 0x21, 0xb5, 0x76, 0x1f, 0x58, 0xdf,
    0x48, 0x6e, 0xe, 0xbf, 0x1, 0xf, 0xe5, 0x0,

    /* U+8DDD "距" */
    0xf, 0xfe, 0x17, 0xd2, 0xbf, 0xc7, 0x4f, 0x5a,
    0xf1, 0xa3, 0xd8, 0x7b, 0x47, 0xb0, 0xf7, 0x4f,
    0x5f, 0xc9, 0xf8, 0xa0, 0x5a, 0x17, 0x14, 0xb,
    0x48, 0xe3, 0xd4, 0xf2, 0x6d, 0xdf, 0x51, 0x6,
    0x89, 0xa1, 0xed, 0x13, 0x83, 0xdf, 0xaf, 0xf4,
    0x4, 0x3c, 0xa9,

    /* U+8DEF "路" */
    0xf, 0xd0, 0x7b, 0xf2, 0x7a, 0xc, 0xea, 0xdf,
    0x5f, 0x23, 0x83, 0xa0, 0x57, 0x87, 0xf4, 0x3d,
    0xc1, 0x2b, 0x80, 0xfc, 0x87, 0x68, 0xf9, 0xbc,
    0xd, 0xe1, 0x82, 0x60, 0x6f, 0xc5, 0xf9, 0x6,
    0xa8, 0x79, 0x5a, 0xe, 0x54, 0xe1, 0x68, 0x3f,
    0x4f, 0x2b, 0x41, 0x21, 0xbf, 0x83, 0xff, 0x88,

    /* U+8F7D "载" */
    0xa, 0xa, 0x48, 0x37, 0xf3, 0x43, 0x42, 0x6e,
    0x4b, 0x7d, 0x1, 0xbf, 0xfa, 0x2f, 0xa8, 0xad,
    0xf, 0x70, 0x12, 0x82, 0x17, 0xf8, 0x73, 0x81,
    0xe6, 0x42, 0xf8, 0x2f, 0x3c, 0x83, 0xc1, 0xbf,
    0xc0, 0xf0, 0x7d, 0xe8, 0xbc, 0x20, 0xfe, 0xa6,
    0xfc, 0x5, 0x1c, 0x30, 0xa0, 0xff, 0xe2, 0x0,

    /* U+8F93 "输" */
    0xf, 0xfe, 0x22, 0x1c, 0xc1, 0xee, 0x40, 0xf9,
    0xb, 0xf4, 0x3d, 0xe8, 0xf, 0x1, 0xf3, 0x4f,
    0x2b, 0xb3, 0xa7, 0xa2, 0x6d, 0xc5, 0xc1, 0xdf,
    0xaf, 0xcb, 0x60, 0x6d, 0xe7, 0xbb, 0x9, 0xcf,
    0xd7, 0x60, 0x7d, 0x73, 0xdd, 0x9f, 0x8f, 0x5f,
    0x58, 0x4e, 0x73, 0xc5, 0x84, 0xe7, 0x79, 0xb8,
    0x3c, 0x87, 0xe0,

    /* U+8F9B "辛" */
    0xf, 0xfe, 0x35, 0x3, 0xf9, 0x5e, 0xad, 0x83,
    0xff, 0xa8, 0x4, 0x43, 0x98, 0x3b, 0xc1, 0xbc,
    0x1e, 0xd0, 0x3a, 0x15, 0x5f, 0xfc, 0x7a, 0xaf,
    0x2c, 0x1f, 0xac, 0xa, 0xc, 0xab, 0xfc, 0x7,
    0xfc, 0xa0, 0xfe, 0xb0, 0xff, 0xac, 0x3f, 0xf8,
    0xc0,

    /* U+8FBE "达" */
    0x14, 0x1e, 0x43, 0xae, 0xe, 0xd0, 0xe7, 0x42,
    0xb0, 0xe9, 0x43, 0x4f, 0xe0, 0x7c, 0xfe, 0xa2,
    0x83, 0x68, 0x38, 0x3e, 0x70, 0x39, 0xa1, 0xdc,
    0xe, 0x2f, 0x6, 0xd0, 0x68, 0x5e, 0x5, 0xc5,
    0x87, 0x20, 0xfa, 0x50, 0x7e, 0xd5, 0xea, 0x7f,
    0x2, 0x3, 0xea, 0x94, 0x0,

    /* U+8FCE "迎" */
    0x10, 0xe4, 0x3e, 0xf4, 0x7c, 0x5f, 0x4, 0xce,
    0x8f, 0x4c, 0x8, 0x58, 0x1c, 0x71, 0xf8, 0xc0,
    0xe3, 0x85, 0x66, 0x8e, 0x38, 0x4e, 0x6b, 0x65,
    0x85, 0x67, 0xce, 0x78, 0x2b, 0x3c, 0xad, 0xe0,
    0xad, 0xd, 0x7, 0xbf, 0xd2, 0x83, 0x78, 0xd,
    0x3f, 0x20, 0x43, 0xf9, 0x0,

    /* U+8FD0 "运" */
    0xf, 0xfe, 0x1f, 0x5, 0xfc, 0x84, 0xf8, 0xb,
    0xc1, 0xff, 0xc6, 0x42, 0x43, 0xf5, 0xf3, 0xff,
    0x82, 0xb0, 0x5a, 0xf0, 0x56, 0xe, 0xa, 0xd,
    0xc3, 0x84, 0xe8, 0x5a, 0x7a, 0x9f, 0x40, 0x70,
    0x7d, 0x46, 0xc1, 0x70, 0x7f, 0xdd, 0xea, 0x7f,
    0x92, 0x5, 0xd4, 0xb0, 0x0,

    /* U+8FD1 "近" */
    0xf, 0xf9, 0xd, 0xe0, 0x37, 0xe8, 0x37, 0x8f,
    0x4a, 0xf, 0x93, 0x43, 0xef, 0xa3, 0xfe, 0x9,
    0xb3, 0xd3, 0xc1, 0xdc, 0x70, 0x38, 0x3b, 0x4e,
    0x7, 0x7, 0x65, 0x85, 0x61, 0x9c, 0xd0, 0x9c,
    0x37, 0x90, 0xe5, 0x81, 0xeb, 0xff, 0x80, 0x85,
    0x45, 0x83, 0x0,

    /* U+8FD4 "返" */
    0x2, 0x1f, 0xfc, 0x1e, 0x5, 0xfe, 0x9, 0xc7,
    0xa2, 0xe0, 0x4a, 0x2c, 0x24, 0x37, 0xc5, 0xdf,
    0x83, 0x39, 0xcb, 0xb4, 0x2b, 0x34, 0x2b, 0x42,
    0xe7, 0x2f, 0x90, 0xda, 0xb0, 0x7c, 0x19, 0xcb,
    0x3d, 0x78, 0x2b, 0x58, 0x42, 0xf0, 0x3e, 0x97,
    0xd4, 0x6, 0xaf, 0xfe, 0xf, 0xfe, 0x18,

    /* U+8FDB "进" */
    0xf, 0xfe, 0x1c, 0x85, 0x26, 0x86, 0xb4, 0x1a,
    0x68, 0x74, 0x2b, 0x9e, 0x40, 0xb1, 0xff, 0x81,
    0x7a, 0x6, 0x9c, 0x19, 0xd0, 0x60, 0xf4, 0x83,
    0xc0, 0x7b, 0xf2, 0xe, 0x3f, 0x5e, 0xd, 0x63,
    0x60, 0xb0, 0xed, 0x1c, 0xe, 0x1a, 0xc0, 0xc0,
    0x60, 0xde, 0x97, 0xf8, 0xbf, 0xff, 0x80, 0x1f,
    0xfc, 0x30,

    /* U+8FDC "远" */
    0x4, 0x12, 0x1f, 0x9e, 0x3f, 0xc8, 0x66, 0xc,
    0xb0, 0x4d, 0x11, 0x7e, 0x3, 0x79, 0xff, 0x83,
    0x38, 0xea, 0xc3, 0xce, 0x58, 0xe1, 0xeb, 0x38,
    0x71, 0x41, 0x50, 0xd1, 0xfa, 0xb, 0x8c, 0x2e,
    0x42, 0x7c, 0x19, 0x57, 0x93, 0xf5, 0xfd, 0x20,
    0x80, 0xd1, 0xf, 0x0,

    /* U+8FDE "连" */
    0xf, 0x94, 0x1e, 0xb0, 0xde, 0xf, 0xbc, 0x7f,
    0xc1, 0xfb, 0x97, 0x5, 0xf0, 0xe0, 0x43, 0x9b,
    0x3d, 0x7a, 0x43, 0x39, 0x7f, 0x90, 0xac, 0x35,
    0x87, 0xae, 0xff, 0xc1, 0x72, 0xef, 0x2c, 0x7,
    0xc8, 0x4c, 0x30, 0xf4, 0xf5, 0xfe, 0x2, 0x15,
    0xd1, 0xc,

    /* U+9000 "退" */
    0xf, 0xfe, 0x26, 0xb, 0xfc, 0x1b, 0xc7, 0x2e,
    0xc3, 0x28, 0xe5, 0x4e, 0x81, 0x45, 0xfc, 0xe8,
    0xfc, 0xf2, 0x16, 0x85, 0x67, 0xfc, 0x1a, 0xce,
    0xae, 0x43, 0x71, 0xa0, 0xfa, 0xb, 0x4e, 0x8a,
    0xe0, 0xac, 0x1f, 0x27, 0x82, 0xf0, 0x28, 0x13,
    0x5, 0xf4, 0x5, 0xd4, 0x6, 0x3f, 0xfc, 0x1f,
    0xfc, 0x30,

    /* U+9009 "选" */
    0x20, 0xe7, 0xf, 0x78, 0x1c, 0xea, 0x83, 0x69,
    0xff, 0x21, 0x20, 0xfc, 0x86, 0x7e, 0x9, 0xc3,
    0xcd, 0x84, 0xea, 0x90, 0xbb, 0xff, 0x41, 0x68,
    0xe9, 0xc1, 0x9c, 0xe, 0xf, 0x58, 0x2c, 0x1c,
    0xb, 0xd0, 0x3c, 0x4, 0x3f, 0xbe, 0xa7, 0xfc,
    0xc, 0xba, 0x97, 0x0,

    /* U+901A "通" */
    0x2, 0x12, 0xc1, 0xe7, 0x3, 0xfd, 0x6, 0xe0,
    0xa3, 0xc8, 0x48, 0x4d, 0xf9, 0xb, 0xe7, 0xfe,
    0x42, 0xb7, 0x6d, 0x5a, 0x15, 0xbf, 0xf2, 0x15,
    0xbb, 0x60, 0xc3, 0x55, 0xfc, 0xe1, 0xb9, 0xdb,
    0xa6, 0x1b, 0xce, 0x4, 0xe4, 0x1f, 0xa9, 0xfe,
    0x2, 0xb, 0xa2, 0x83, 0x0,

    /* U+901F "速" */
    0xf, 0xfe, 0x1a, 0x1d, 0xa1, 0xda, 0x53, 0xfa,
    0x5, 0x9f, 0xd4, 0x42, 0x80, 0xaf, 0x51, 0x19,
    0x3f, 0xf0, 0xf9, 0xe3, 0x8b, 0xb, 0x6f, 0xf4,
    0x16, 0x9f, 0x94, 0x1b, 0x57, 0x57, 0x83, 0x65,
    0xb, 0x38, 0x1e, 0xa2, 0xa8, 0x1b, 0xd7, 0xfe,
    0x84, 0x3c, 0xb5, 0x0,

    /* U+9038 "逸" */
    0xf, 0x41, 0xf9, 0x80, 0xf2, 0x83, 0x9d, 0x3f,
    0xc1, 0x94, 0x4, 0x2f, 0x20, 0x7d, 0x1f, 0xf8,
    0x2f, 0x3a, 0xa0, 0x58, 0x5c, 0xed, 0xcd, 0x85,
    0xa7, 0xfd, 0x1, 0xc0, 0xf3, 0xd8, 0x56, 0xe,
    0x6, 0xe8, 0x38, 0xb0, 0xbf, 0x3, 0xd5, 0x2d,
    0x72, 0xe, 0x9f, 0xfc, 0x4, 0x3f, 0x94, 0x0,

    /* U+9053 "道" */
    0xf, 0x21, 0x41, 0x3e, 0x41, 0xaa, 0xe4, 0xa,
    0x3f, 0xf8, 0xa, 0x16, 0xf2, 0xc0, 0x7e, 0x7f,
    0xe8, 0x2b, 0xba, 0x92, 0x81, 0x74, 0xfe, 0x38,
    0x2d, 0xb3, 0xd1, 0xc0, 0x72, 0xcb, 0xce, 0x82,
    0xcb, 0x97, 0x68, 0x38, 0x1f, 0xf0, 0x5c, 0xbe,
    0xa9, 0x5, 0xff, 0xf0, 0x7f, 0xf0, 0xc0,

    /* U+9068 "遨" */
    0xf, 0xfe, 0x1e, 0x13, 0xe9, 0xc2, 0x7c, 0x7d,
    0x36, 0x86, 0x85, 0x69, 0x7d, 0x6, 0xfc, 0x97,
    0xa7, 0x8a, 0x68, 0x4e, 0xb, 0x9b, 0x9b, 0xd0,
    0x5d, 0xfa, 0x3c, 0x85, 0xab, 0x50, 0x2d, 0xb,
    0x6f, 0x93, 0xe0, 0xb7, 0x8e, 0x73, 0x47, 0x50,
    0x28, 0x21, 0xbe, 0x80, 0xaa, 0x79, 0x21, 0xff,
    0x51, 0xf, 0x21, 0xf8,

    /* U+90E8 "部" */
    0xf, 0xfe, 0x1a, 0xbc, 0xca, 0xfc, 0x3f, 0xea,
    0x6d, 0x81, 0xc2, 0x8a, 0x16, 0x17, 0x16, 0x59,
    0xc0, 0x6a, 0xf3, 0x66, 0x83, 0xfd, 0x4c, 0xd0,
    0x96, 0xa1, 0x65, 0x82, 0xfe, 0xa6, 0x38, 0x2c,
    0x2e, 0x71, 0xd1, 0xc2, 0xe7, 0xbc, 0x83, 0xa7,
    0x95, 0x81, 0xb, 0xd2, 0x87, 0xf, 0xfe, 0x30,

    /* U+90FD "都" */
    0xf, 0xfe, 0x33, 0x85, 0xf8, 0x25, 0x79, 0x7,
    0x4d, 0x7, 0xf0, 0x32, 0xc3, 0xb5, 0x8c, 0xe0,
    0x2d, 0xf4, 0x6e, 0x8f, 0xfd, 0x76, 0x13, 0xe9,
    0xa3, 0xba, 0x3f, 0xf3, 0x9c, 0xb, 0xd3, 0x6e,
    0x58, 0x5e, 0xa3, 0x98, 0xe0, 0xbe, 0x6c, 0xef,
    0x5, 0x6a, 0xe3, 0x50, 0x67, 0xf2, 0x61, 0xff,
    0xc6,

    /* U+914D "配" */
    0x2, 0x1f, 0x90, 0xaf, 0xe3, 0xf8, 0x27, 0x74,
    0x96, 0xc2, 0x77, 0xe, 0x70, 0x37, 0xe8, 0x2b,
    0x7, 0xf5, 0xbf, 0x81, 0xdd, 0xbd, 0xb4, 0x7,
    0x77, 0xd4, 0xe, 0xf8, 0x6f, 0x41, 0xdf, 0xfa,
    0x18, 0x1e, 0x5a, 0xf4, 0x58, 0x2f, 0xf5, 0xf2,
    0x15, 0x16, 0xf, 0x80,

    /* U+9192 "醒" */
    0xf, 0xfe, 0x4b, 0xfc, 0xf, 0xe6, 0xd6, 0xc2,
    0xbe, 0x2d, 0x9c, 0x27, 0xd2, 0xbe, 0xb1, 0xff,
    0x5f, 0xc3, 0xde, 0xb5, 0xa8, 0x7, 0xbd, 0x6f,
    0x68, 0x1f, 0xaf, 0xfc, 0xf, 0x87, 0xa3, 0xa1,
    0x72, 0xdb, 0xf9, 0x1f, 0xd6, 0xd3, 0x42, 0xf5,
    0x1d, 0x57, 0x40, 0x5f, 0xcf, 0xf0, 0x7f, 0xf0,
    0xc0,

    /* U+91CC "里" */
    0xf, 0xfe, 0x27, 0xff, 0x82, 0x75, 0xb9, 0x56,
    0x13, 0x85, 0xa0, 0x70, 0x9e, 0x6f, 0x51, 0xc2,
    0xbf, 0xea, 0x61, 0x3a, 0x3c, 0xaf, 0x6, 0xff,
    0xe4, 0x39, 0x7, 0x7, 0xf5, 0x5e, 0x58, 0x3d,
    0x7f, 0xc1, 0xfd, 0x40, 0xfe, 0x5b, 0xcb, 0x50,
    0x7f, 0xff, 0x80, 0x1f, 0xfc, 0x30,

    /* U+91CD "重" */
    0xf, 0xcb, 0x82, 0x7f, 0xf4, 0x13, 0x57, 0xa8,
    0xc9, 0x7f, 0xf9, 0x3, 0x57, 0xab, 0x5, 0x7f,
    0xf2, 0xf, 0xfd, 0x68, 0x3f, 0xd5, 0x61, 0xbf,
    0xf8, 0x35, 0x5e, 0xa8, 0x33, 0xff, 0x41, 0x4b,
    0xb9, 0x70, 0x3f, 0xfe, 0x43, 0xff, 0x82,

    /* U+91CF "量" */
    0xf, 0xfe, 0x23, 0xff, 0xa0, 0xde, 0xae, 0x28,
    0x15, 0xff, 0x14, 0xd, 0x7f, 0xe8, 0x3a, 0xb7,
    0xe5, 0x3, 0xff, 0xe8, 0x27, 0xff, 0x7, 0x5f,
    0xf9, 0xc, 0xff, 0x53, 0xf, 0x5f, 0xaa, 0xe,
    0xff, 0xf0, 0x4d, 0x6f, 0x56, 0x47, 0xff, 0xf8,
    0x1, 0xff, 0xc3,

    /* U+949F "钟" */
    0xf, 0xfe, 0x1b, 0x7, 0x38, 0x77, 0x83, 0x9c,
    0x33, 0xca, 0x9, 0xc3, 0xbf, 0x23, 0x75, 0x7,
    0xdf, 0xf2, 0xbf, 0x38, 0xe0, 0xc1, 0x72, 0x6a,
    0xc7, 0xb, 0x93, 0x56, 0x38, 0xfe, 0x35, 0x65,
    0x8d, 0xc0, 0xfd, 0x70, 0x5a, 0x6, 0xfc, 0x85,
    0xf4, 0x16, 0x1e, 0xa2, 0x1b, 0xc,

    /* U+94C3 "铃" */
    0xf, 0xfe, 0x24, 0x87, 0x48, 0x67, 0x90, 0xad,
    0xd, 0xfa, 0x3f, 0x4, 0xe1, 0x3e, 0x1f, 0x40,
    0x96, 0x21, 0x3, 0x83, 0xf0, 0x5c, 0x1e, 0xb0,
    0x37, 0xf0, 0x56, 0xb, 0xab, 0xc3, 0x7c, 0x1e,
    0xd1, 0xf4, 0x1e, 0xb0, 0xda, 0x14, 0x9c, 0x1b,
    0xd0, 0x2f, 0xa0, 0xea, 0x6, 0x6d, 0xf, 0xfe,
    0x18,

    /* U+94FE "链" */
    0x2, 0x1f, 0x21, 0xad, 0x10, 0xad, 0x3, 0xf5,
    0xbf, 0xe2, 0xc2, 0xa1, 0x61, 0xcb, 0x6, 0xe9,
    0x85, 0xf5, 0xcf, 0xe4, 0x2d, 0x1d, 0xa7, 0xc0,
    0xf4, 0xc, 0x2b, 0xb, 0xe5, 0x6f, 0xf4, 0x58,
    0x2c, 0x57, 0xa4, 0xf0, 0x3d, 0x3, 0x82, 0xbd,
    0x77, 0xf8, 0x32, 0x40, 0x5a, 0x80,

    /* U+957F "长" */
    0xd, 0x7, 0xff, 0x3, 0xc, 0xe1, 0xce, 0x15,
    0xc1, 0xce, 0xf, 0x21, 0xe7, 0x2c, 0x3f, 0x58,
    0x4b, 0x48, 0xdf, 0xfc, 0x9f, 0xa7, 0xc1, 0xf7,
    0x5, 0xe0, 0xf7, 0x6, 0xf0, 0x76, 0x8c, 0xf,
    0x6, 0xfe, 0xb, 0x82, 0xa2, 0x1f, 0x0,

    /* U+95ED "闭" */
    0x2, 0x1f, 0x28, 0x2b, 0x4b, 0xfe, 0xa, 0xd7,
    0x80, 0xe1, 0xa4, 0x1a, 0x7, 0x1c, 0x3b, 0x80,
    0xe0, 0xcb, 0xd7, 0x96, 0xc1, 0xaa, 0x9f, 0xce,
    0xd, 0x3, 0xe8, 0x16, 0xe, 0x7, 0x50, 0x2c,
    0x1c, 0x78, 0xb0, 0x58, 0x2a, 0xc1, 0x60, 0xb0,
    0x58, 0x57, 0x17, 0x4, 0x84, 0x85, 0xa0,

    /* U+95F4 "间" */
    0xf, 0xfe, 0x1b, 0x87, 0xff, 0x7, 0x9f, 0xf9,
    0x9, 0xd9, 0x7b, 0x81, 0x7, 0xf5, 0x83, 0x4f,
    0xf3, 0x60, 0xd3, 0x58, 0xdb, 0x6, 0xff, 0x3a,
    0xb0, 0x6a, 0xe4, 0x1a, 0xb0, 0x60, 0xd0, 0xb5,
    0x60, 0xc1, 0xfe, 0x1c, 0x70, 0x97, 0x3, 0xc3,
    0x87, 0xef, 0x23, 0x87, 0xce, 0x1f, 0xfc, 0x50,

    /* U+9605 "阅" */
    0xf, 0xfe, 0x1b, 0xc3, 0xff, 0x5, 0x63, 0x2e,
    0xb0, 0xf2, 0x8, 0xe, 0x4, 0x1e, 0x7, 0xe,
    0xd, 0x2e, 0xf9, 0x58, 0x37, 0xfa, 0xf3, 0x83,
    0x6c, 0x37, 0x38, 0x35, 0x6b, 0x5d, 0x30, 0x71,
    0xfe, 0x2c, 0x1c, 0x59, 0xc0, 0xb0, 0x73, 0xa5,
    0xea, 0x60, 0xe1, 0xe, 0xbc, 0xa, 0x7, 0xde,
    0x83, 0xff, 0x86,

    /* U+9633 "阳" */
    0xf, 0xfe, 0x13, 0xf4, 0x7f, 0xc5, 0xd3, 0x79,
    0x76, 0xac, 0xb3, 0x43, 0x63, 0x9a, 0x68, 0x4e,
    0x39, 0xa6, 0x8b, 0x63, 0x9d, 0x3f, 0x4e, 0x39,
    0x6f, 0x94, 0x58, 0xe3, 0x9c, 0x15, 0x83, 0x6,
    0xf0, 0x54, 0x7, 0x79, 0xa0, 0x5c, 0xf, 0xa2,
    0x81, 0x70, 0x34, 0x2b, 0x5b, 0x81, 0xa1, 0x3f,
    0xc1, 0xff, 0xc4,

    /* U+9635 "阵" */
    0xf, 0xca, 0xe, 0xfa, 0xb, 0x83, 0x3d, 0x39,
    0xbd, 0x78, 0x71, 0xdf, 0xd5, 0xe, 0x58, 0x35,
    0x7, 0x67, 0x16, 0x68, 0x83, 0x78, 0xff, 0x81,
    0xb6, 0x55, 0xc1, 0xb4, 0xd0, 0xb4, 0x36, 0x9c,
    0xb7, 0x6, 0xdf, 0x3f, 0xf0, 0x34, 0x3d, 0xa1,
    0xb8, 0x3d, 0xa1, 0xff, 0xc5,

    /* U+9650 "限" */
    0xf, 0xfe, 0x13, 0x44, 0xbf, 0x81, 0xf9, 0xe5,
    0xb4, 0xd5, 0xba, 0xc6, 0x9b, 0x77, 0xe7, 0x4d,
    0xe7, 0x82, 0xe3, 0x74, 0xff, 0x46, 0xf1, 0xfa,
    0x80, 0xd5, 0x9a, 0x70, 0x5a, 0xb7, 0x4b, 0xd1,
    0xdc, 0x69, 0x79, 0x35, 0x3, 0xbf, 0x3, 0x42,
    0xf9, 0x38, 0xd0, 0xa8, 0x12, 0x80,

    /* U+9664 "除" */
    0xf, 0xc8, 0x7b, 0xf0, 0x2e, 0xc, 0xed, 0x97,
    0xe4, 0x2c, 0xe9, 0xa0, 0xf4, 0xc, 0xe8, 0xfe,
    0x60, 0x6d, 0x81, 0xf2, 0x1b, 0x4d, 0x5, 0x88,
    0x5a, 0x77, 0xf8, 0x2d, 0xb5, 0xbc, 0x1d, 0xf4,
    0x6d, 0xc8, 0x5e, 0x8b, 0x2f, 0xc0, 0xd0, 0x74,
    0xf0, 0x72, 0x14, 0x9, 0xc,

    /* U+966A "陪" */
    0xf, 0xc8, 0x7b, 0xd0, 0x56, 0x1e, 0xee, 0xff,
    0x90, 0x67, 0x12, 0xd2, 0x16, 0xea, 0xd0, 0x70,
    0x5d, 0x82, 0x47, 0x90, 0x6e, 0xff, 0xe0, 0x6f,
    0x52, 0x83, 0xdb, 0x67, 0xf8, 0x2d, 0xb7, 0x95,
    0x68, 0x3e, 0x8d, 0xb, 0x41, 0xa8, 0x1c, 0xab,
    0x41, 0xa1, 0x5f, 0xc1, 0xff, 0xc4,

    /* U+96BE "难" */
    0xf, 0x28, 0x90, 0xfa, 0xf4, 0x70, 0x6d, 0x3d,
    0x37, 0xe0, 0x5e, 0x6d, 0xfa, 0x43, 0x74, 0xc0,
    0xe1, 0x93, 0x6d, 0xfe, 0x6e, 0xcb, 0x1b, 0x50,
    0x3d, 0x16, 0x7, 0xc, 0xe8, 0xef, 0xf0, 0x1f,
    0xe, 0x37, 0x20, 0xfa, 0x70, 0xb0, 0xda, 0xec,
    0x57, 0x45, 0x61, 0x3d, 0xfd, 0x7, 0xff, 0x8,

    /* U+9760 "靠" */
    0xf, 0xfe, 0x2e, 0xb, 0x54, 0x1c, 0xff, 0xe0,
    0xf2, 0xd6, 0x1f, 0x7f, 0xff, 0x0, 0x14, 0xff,
    0xc8, 0x6b, 0xff, 0x83, 0x3d, 0x7b, 0x83, 0xbf,
    0xf2, 0x1b, 0xd7, 0x8f, 0xc1, 0xbf, 0x8f, 0x90,
    0xdf, 0xc7, 0xc8, 0x6b, 0xf1, 0xea, 0x20, 0x7f,
    0x8f, 0xe0, 0xff, 0xe1, 0x80,

    /* U+9762 "面" */
    0x17, 0x7, 0xf7, 0xff, 0xd0, 0x7b, 0x85, 0x83,
    0xce, 0x84, 0x83, 0xff, 0xf8, 0x7, 0x3c, 0x96,
    0x59, 0xa7, 0xd7, 0x16, 0x71, 0xeb, 0xd1, 0xc7,
    0x1c, 0x3a, 0x71, 0xc7, 0xf2, 0x69, 0xc7, 0x95,
    0x83, 0x4f, 0x3e, 0x6d, 0x5a, 0x3f, 0xfe, 0xf,
    0xfe, 0x10,

    /* U+97F3 "音" */
    0xf, 0x41, 0xff, 0xc0, 0x79, 0xa8, 0x2f, 0xff,
    0x41, 0x2d, 0x6, 0xc3, 0xe7, 0x41, 0x6b, 0xf,
    0xff, 0xf0, 0x5, 0xff, 0x83, 0xdf, 0xf9, 0xc,
    0xeb, 0xc6, 0x86, 0xba, 0xbc, 0xe8, 0x4f, 0xea,
    0x9c, 0x39, 0xe5, 0xd6, 0x1e, 0xff, 0xa0, 0xff,
    0xe2, 0x80,

    /* U+9875 "页" */
    0xf, 0xfe, 0x17, 0xff, 0xf0, 0xa, 0xcf, 0x94,
    0x1f, 0xda, 0x1e, 0x65, 0x5d, 0xf4, 0x7, 0xfa,
    0xaf, 0x5, 0xa1, 0xea, 0x5, 0xa0, 0xf0, 0x38,
    0x2d, 0x3c, 0x17, 0x5, 0xb6, 0xc0, 0x90, 0xd6,
    0x9e, 0x43, 0x9d, 0xa, 0xf0, 0x4f, 0x7, 0x3e,
    0xa, 0xf, 0xf0,

    /* U+987E "顾" */
    0xf, 0xfe, 0x1d, 0xfc, 0xfe, 0x81, 0xe5, 0xc3,
    0xca, 0x7, 0x7, 0x3a, 0x1b, 0xbe, 0xbf, 0xc0,
    0xf9, 0xbd, 0xa, 0xc1, 0xdb, 0x7a, 0x3b, 0x7,
    0x6a, 0xf5, 0x3b, 0x7, 0x6f, 0xd7, 0x4c, 0x1d,
    0xb5, 0x78, 0xa0, 0x37, 0x42, 0xfc, 0x8e, 0x6a,
    0x8d, 0xb4, 0xb3, 0xea, 0x60, 0xb0, 0x22, 0x80,
    0xa0, 0xe0,

    /* U+9898 "题" */
    0xc, 0xb0, 0x15, 0x40, 0x5f, 0xcf, 0xe8, 0x1e,
    0xab, 0x5, 0x86, 0xbf, 0x87, 0xf0, 0x1d, 0xbc,
    0xfa, 0x98, 0x5f, 0x4a, 0xc7, 0xc0, 0x5a, 0x9b,
    0x9f, 0x3, 0xfa, 0x1b, 0xd0, 0x77, 0x23, 0xca,
    0x9, 0x3e, 0x3f, 0x5, 0x7c, 0x96, 0x3a, 0xe,
    0xf2, 0xd3, 0x50, 0xe5, 0xff, 0xc8, 0x7f, 0xf0,
    0x80,

    /* U+989D "额" */
    0xc, 0x87, 0xff, 0x7, 0x41, 0xfa, 0x7, 0xf9,
    0x56, 0xa0, 0x75, 0xb4, 0x70, 0xd3, 0xa4, 0x96,
    0x1d, 0x7c, 0xdf, 0xc8, 0x3a, 0x6d, 0xd5, 0xc5,
    0xf8, 0xb2, 0x74, 0x2f, 0xcf, 0x6e, 0x15, 0xa2,
    0xbd, 0x38, 0x1f, 0xe1, 0xd0, 0xdf, 0x16, 0x7e,
    0x5, 0xbf, 0x9c, 0x7c, 0x84, 0xb1, 0x40, 0x90,
    0xff, 0xe1, 0x80,

    /* U+98DE "飞" */
    0xf, 0xfe, 0x5, 0xff, 0x82, 0xac, 0xb7, 0x83,
    0xf9, 0xd0, 0xfe, 0xe1, 0xd0, 0xe7, 0x7d, 0x7,
    0xb9, 0xe0, 0xf5, 0x82, 0xe0, 0xed, 0x9, 0xc3,
    0x78, 0x3f, 0xdf, 0x51, 0xf, 0x9a, 0x7e, 0x43,
    0xfc, 0x80,

    /* U+996D "饭" */
    0x10, 0xff, 0xe0, 0xe8, 0x4f, 0xf8, 0x1f, 0xa9,
    0x87, 0xe5, 0x77, 0x7, 0xe9, 0xdf, 0xf4, 0x16,
    0x83, 0x45, 0x78, 0x2d, 0x6, 0xa1, 0xd0, 0xb0,
    0x3d, 0xbc, 0x13, 0x81, 0xcb, 0xc1, 0x9c, 0x16,
    0xf, 0x6, 0xba, 0xc7, 0xe0, 0xaf, 0x3c, 0xe9,
    0xe0, 0xa0, 0x20, 0x43, 0x80,

    /* U+9999 "香" */
    0xf, 0xfe, 0x1b, 0xff, 0x21, 0x9a, 0xb9, 0xf,
    0xf6, 0x8a, 0x91, 0xad, 0xeb, 0xa8, 0xf9, 0x35,
    0x70, 0x4e, 0x83, 0x4b, 0x82, 0x43, 0x96, 0xd,
    0x7f, 0xe8, 0x2f, 0x57, 0x3c, 0xb, 0xfe, 0x78,
    0x1f, 0x51, 0x63, 0x42, 0x75, 0xeb, 0x43, 0x7f,
    0xe0, 0xff, 0xe1, 0x80,

    /* U+9A6C "马" */
    0xf, 0x2d, 0x21, 0xbf, 0xf8, 0x32, 0xe0, 0xac,
    0x39, 0x83, 0x58, 0x75, 0x86, 0xa0, 0x77, 0x6,
    0x50, 0x77, 0xff, 0x41, 0x57, 0x2d, 0xe0, 0xfc,
    0x83, 0x82, 0x55, 0xf0, 0x38, 0xfd, 0x44, 0x2d,
    0x14, 0x1d, 0x4f, 0x21, 0xfa, 0xa4,

    /* U+9AD8 "高" */
    0xf, 0x21, 0xf2, 0xd4, 0xf5, 0x71, 0xff, 0xfc,
    0x0, 0x96, 0xac, 0x1d, 0x7f, 0xd0, 0x6b, 0x55,
    0x3e, 0xe, 0xfd, 0x52, 0x13, 0x7f, 0xf8, 0xf5,
    0x4a, 0x92, 0xce, 0x3f, 0xc5, 0xe, 0x9d, 0x6c,
    0xe2, 0xdd, 0x6b, 0x74, 0x63, 0xfa, 0x30, 0xff,
    0xe1, 0x0,

    /* U+9E2D "鸭" */
    0xf, 0xfe, 0x32, 0x82, 0xb0, 0x9f, 0xe6, 0xfe,
    0x2d, 0xde, 0xe5, 0xb9, 0xcd, 0xed, 0xd3, 0x57,
    0xf3, 0xbc, 0x63, 0xdd, 0xba, 0xb3, 0x1d, 0xdd,
    0xe5, 0x80, 0xff, 0x37, 0xf0, 0x3f, 0x83, 0x9c,
    0xa, 0xc3, 0x36, 0xe1, 0xb1, 0xbe, 0x6c, 0x36,
    0x79, 0x26, 0xc3, 0x61, 0xd7, 0xa0, 0xff, 0xe1,
    0x80,

    /* U+FF01 "！" */
    0x2, 0xb, 0x5, 0x83, 0xc0, 0xe0, 0x70, 0x34,
    0x74, 0x8, 0x79, 0x40, 0xb4, 0x10, 0x0,

    /* U+FF08 "（" */
    0xc, 0x81, 0xe0, 0x70, 0x2c, 0x2d, 0xb, 0xd,
    0x86, 0xd0, 0xa8, 0x13, 0x86, 0xe0, 0xdc, 0x1c,

    /* U+FF09 "）" */
    0x10, 0xef, 0x7, 0x58, 0x76, 0x86, 0xa0, 0x67,
    0xe, 0xc3, 0x38, 0x6e, 0xd, 0x86, 0xf0, 0x5e,
    0xc, 0x86,

    /* U+FF0C "，" */
    0xe, 0xf2, 0x5a, 0x38, 0x24,

    /* U+FF1A "：" */
    0x10, 0xbc, 0x6, 0xf, 0xf2, 0x81, 0xe0, 0x90,

    /* U+FF1F "？" */
    0xe, 0x43, 0xd7, 0xa0, 0xaf, 0x2b, 0x81, 0xa1,
    0x3a, 0x1c, 0xf9, 0xd, 0x78, 0x3d, 0xc1, 0xf7,
    0x7, 0xdc, 0x1f, 0xfc, 0x49, 0xf, 0xbc, 0x1f,
    0x28, 0x20,

    /* U+FF5E "～" */
    0xf, 0xf9, 0xf4, 0x82, 0x1d, 0x57, 0xd0, 0x7c,
    0x84
};


/*---------------------
 *  GLYPH DESCRIPTION
 *--------------------*/

static const lv_font_fmt_txt_glyph_dsc_t glyph_dsc[] = {
    {.bitmap_index = 0, .adv_w = 0, .box_w = 0, .box_h = 0, .ofs_x = 0, .ofs_y = 0} /* id = 0 reserved */,
    {.bitmap_index = 0, .adv_w = 60, .box_w = 0, .box_h = 0, .ofs_x = 0, .ofs_y = 0},
    {.bitmap_index = 0, .adv_w = 54, .box_w = 4, .box_h = 14, .ofs_x = 0, .ofs_y = -1},
    {.bitmap_index = 14, .adv_w = 55, .box_w = 4, .box_h = 4, .ofs_x = 0, .ofs_y = 10},
    {.bitmap_index = 19, .adv_w = 151, .box_w = 10, .box_h = 10, .ofs_x = 0, .ofs_y = -2},
    {.bitmap_index = 44, .adv_w = 133, .box_w = 8, .box_h = 11, .ofs_x = 0, .ofs_y = -2},
    {.bitmap_index = 66, .adv_w = 151, .box_w = 10, .box_h = 12, .ofs_x = 0, .ofs_y = -2},
    {.bitmap_index = 94, .adv_w = 163, .box_w = 11, .box_h = 12, .ofs_x = 0, .ofs_y = -2},
    {.bitmap_index = 127, .adv_w = 29, .box_w = 2, .box_h = 4, .ofs_x = 0, .ofs_y = 10},
    {.bitmap_index = 129, .adv_w = 84, .box_w = 6, .box_h = 14, .ofs_x = 0, .ofs_y = -2},
    {.bitmap_index = 148, .adv_w = 84, .box_w = 5, .box_h = 14, .ofs_x = 0, .ofs_y = -2},
    {.bitmap_index = 166, .adv_w = 99, .box_w = 7, .box_h = 6, .ofs_x = 0, .ofs_y = 4},
    {.bitmap_index = 177, .adv_w = 149, .box_w = 9, .box_h = 9, .ofs_x = 0, .ofs_y = -1},
    {.bitmap_index = 193, .adv_w = 55, .box_w = 4, .box_h = 6, .ofs_x = 0, .ofs_y = -3},
    {.bitmap_index = 200, .adv_w = 157, .box_w = 10, .box_h = 3, .ofs_x = 0, .ofs_y = 3},
    {.bitmap_index = 207, .adv_w = 54, .box_w = 3, .box_h = 4, .ofs_x = 0, .ofs_y = -1},
    {.bitmap_index = 210, .adv_w = 76, .box_w = 5, .box_h = 11, .ofs_x = 0, .ofs_y = -2},
    {.bitmap_index = 224, .adv_w = 160, .box_w = 10, .box_h = 12, .ofs_x = 0, .ofs_y = 0},
    {.bitmap_index = 254, .adv_w = 87, .box_w = 6, .box_h = 13, .ofs_x = -1, .ofs_y = 0},
    {.bitmap_index = 272, .adv_w = 150, .box_w = 9, .box_h = 13, .ofs_x = 0, .ofs_y = -1},
    {.bitmap_index = 299, .adv_w = 158, .box_w = 10, .box_h = 13, .ofs_x = 0, .ofs_y = -1},
    {.bitmap_index = 328, .adv_w = 172, .box_w = 11, .box_h = 12, .ofs_x = 0, .ofs_y = 0},
    {.bitmap_index = 358, .adv_w = 166, .box_w = 10, .box_h = 12, .ofs_x = 0, .ofs_y = 0},
    {.bitmap_index = 385, .adv_w = 167, .box_w = 11, .box_h = 13, .ofs_x = 0, .ofs_y = -1},
    {.bitmap_index = 416, .adv_w = 121, .box_w = 9, .box_h = 12, .ofs_x = -1, .ofs_y = 0},
    {.bitmap_index = 439, .adv_w = 169, .box_w = 10, .box_h = 13, .ofs_x = 0, .ofs_y = -1},
    {.bitmap_index = 471, .adv_w = 139, .box_w = 9, .box_h = 13, .ofs_x = 0, .ofs_y = -1},
    {.bitmap_index = 498, .adv_w = 54, .box_w = 3, .box_h = 8, .ofs_x = 0, .ofs_y = -1},
    {.bitmap_index = 504, .adv_w = 56, .box_w = 4, .box_h = 10, .ofs_x = 0, .ofs_y = -3},
    {.bitmap_index = 514, .adv_w = 110, .box_w = 7, .box_h = 8, .ofs_x = 0, .ofs_y = 1},
    {.bitmap_index = 527, .adv_w = 151, .box_w = 9, .box_h = 6, .ofs_x = 0, .ofs_y = 1},
    {.bitmap_index = 536, .adv_w = 112, .box_w = 7, .box_h = 8, .ofs_x = 0, .ofs_y = 0},
    {.bitmap_index = 549, .adv_w = 110, .box_w = 9, .box_h = 14, .ofs_x = -1, .ofs_y = -1},
    {.bitmap_index = 577, .adv_w = 180, .box_w = 11, .box_h = 11, .ofs_x = 0, .ofs_y = -1},
    {.bitmap_index = 608, .adv_w = 190, .box_w = 12, .box_h = 13, .ofs_x = 0, .ofs_y = -1},
    {.bitmap_index = 641, .adv_w = 174, .box_w = 11, .box_h = 12, .ofs_x = 0, .ofs_y = 0},
    {.bitmap_index = 673, .adv_w = 186, .box_w = 11, .box_h = 13, .ofs_x = 0, .ofs_y = -1},
    {.bitmap_index = 704, .adv_w = 185, .box_w = 11, .box_h = 12, .ofs_x = 0, .ofs_y = 0},
    {.bitmap_index = 734, .adv_w = 171, .box_w = 11, .box_h = 12, .ofs_x = 0, .ofs_y = 0},
    {.bitmap_index = 762, .adv_w = 159, .box_w = 10, .box_h = 12, .ofs_x = 0, .ofs_y = 0},
    {.bitmap_index = 785, .adv_w = 185, .box_w = 11, .box_h = 12, .ofs_x = 0, .ofs_y = 0},
    {.bitmap_index = 813, .adv_w = 182, .box_w = 11, .box_h = 12, .ofs_x = 0, .ofs_y = 0},
    {.bitmap_index = 842, .adv_w = 57, .box_w = 3, .box_h = 12, .ofs_x = 0, .ofs_y = 0},
    {.bitmap_index = 852, .adv_w = 114, .box_w = 8, .box_h = 12, .ofs_x = 0, .ofs_y = 0},
    {.bitmap_index = 873, .adv_w = 151, .box_w = 10, .box_h = 13, .ofs_x = 0, .ofs_y = -1},
    {.bitmap_index = 904, .adv_w = 145, .box_w = 9, .box_h = 12, .ofs_x = 0, .ofs_y = 0},
    {.bitmap_index = 926, .adv_w = 205, .box_w = 13, .box_h = 11, .ofs_x = 0, .ofs_y = 0},
    {.bitmap_index = 962, .adv_w = 184, .box_w = 11, .box_h = 12, .ofs_x = 0, .ofs_y = 0},
    {.bitmap_index = 994, .adv_w = 174, .box_w = 10, .box_h = 12, .ofs_x = 0, .ofs_y = 0},
    {.bitmap_index = 1022, .adv_w = 182, .box_w = 11, .box_h = 12, .ofs_x = 0, .ofs_y = 0},
    {.bitmap_index = 1050, .adv_w = 182, .box_w = 12, .box_h = 13, .ofs_x = 0, .ofs_y = -1},
    {.bitmap_index = 1087, .adv_w = 183, .box_w = 11, .box_h = 13, .ofs_x = 0, .ofs_y = -1},
    {.bitmap_index = 1120, .adv_w = 181, .box_w = 11, .box_h = 12, .ofs_x = 0, .ofs_y = 0},
    {.bitmap_index = 1149, .adv_w = 153, .box_w = 12, .box_h = 12, .ofs_x = -1, .ofs_y = 0},
    {.bitmap_index = 1175, .adv_w = 173, .box_w = 11, .box_h = 12, .ofs_x = 0, .ofs_y = 0},
    {.bitmap_index = 1206, .adv_w = 153, .box_w = 11, .box_h = 12, .ofs_x = 0, .ofs_y = 0},
    {.bitmap_index = 1234, .adv_w = 184, .box_w = 13, .box_h = 11, .ofs_x = 0, .ofs_y = 0},
    {.bitmap_index = 1269, .adv_w = 177, .box_w = 11, .box_h = 12, .ofs_x = 0, .ofs_y = 0},
    {.bitmap_index = 1300, .adv_w = 144, .box_w = 12, .box_h = 13, .ofs_x = -1, .ofs_y = 0},
    {.bitmap_index = 1332, .adv_w = 181, .box_w = 11, .box_h = 12, .ofs_x = 0, .ofs_y = 0},
    {.bitmap_index = 1359, .adv_w = 63, .box_w = 5, .box_h = 14, .ofs_x = 0, .ofs_y = -2},
    {.bitmap_index = 1377, .adv_w = 76, .box_w = 6, .box_h = 11, .ofs_x = -1, .ofs_y = -2},
    {.bitmap_index = 1392, .adv_w = 63, .box_w = 4, .box_h = 14, .ofs_x = -1, .ofs_y = -2},
    {.bitmap_index = 1408, .adv_w = 109, .box_w = 7, .box_h = 6, .ofs_x = 0, .ofs_y = 7},
    {.bitmap_index = 1419, .adv_w = 117, .box_w = 8, .box_h = 3, .ofs_x = 0, .ofs_y = -3},
    {.bitmap_index = 1424, .adv_w = 54, .box_w = 5, .box_h = 4, .ofs_x = -1, .ofs_y = 9},
    {.bitmap_index = 1429, .adv_w = 163, .box_w = 11, .box_h = 10, .ofs_x = 0, .ofs_y = -1},
    {.bitmap_index = 1454, .adv_w = 130, .box_w = 8, .box_h = 10, .ofs_x = 0, .ofs_y = 0},
    {.bitmap_index = 1473, .adv_w = 126, .box_w = 8, .box_h = 9, .ofs_x = 0, .ofs_y = 0},
    {.bitmap_index = 1491, .adv_w = 146, .box_w = 9, .box_h = 10, .ofs_x = 0, .ofs_y = 0},
    {.bitmap_index = 1513, .adv_w = 138, .box_w = 9, .box_h = 10, .ofs_x = 0, .ofs_y = -1},
    {.bitmap_index = 1534, .adv_w = 114, .box_w = 7, .box_h = 12, .ofs_x = 0, .ofs_y = -1},
    {.bitmap_index = 1553, .adv_w = 129, .box_w = 8, .box_h = 11, .ofs_x = 0, .ofs_y = -1},
    {.bitmap_index = 1576, .adv_w = 136, .box_w = 8, .box_h = 12, .ofs_x = 0, .ofs_y = 0},
    {.bitmap_index = 1599, .adv_w = 57, .box_w = 3, .box_h = 10, .ofs_x = 0, .ofs_y = 0},
    {.bitmap_index = 1607, .adv_w = 60, .box_w = 5, .box_h = 14, .ofs_x = -1, .ofs_y = -3},
    {.bitmap_index = 1624, .adv_w = 135, .box_w = 9, .box_h = 13, .ofs_x = 0, .ofs_y = -1},
    {.bitmap_index = 1650, .adv_w = 60, .box_w = 4, .box_h = 11, .ofs_x = 0, .ofs_y = -1},
    {.bitmap_index = 1662, .adv_w = 170, .box_w = 10, .box_h = 9, .ofs_x = 0, .ofs_y = 0},
    {.bitmap_index = 1685, .adv_w = 135, .box_w = 8, .box_h = 8, .ofs_x = 0, .ofs_y = 1},
    {.bitmap_index = 1701, .adv_w = 139, .box_w = 8, .box_h = 8, .ofs_x = 0, .ofs_y = 1},
    {.bitmap_index = 1717, .adv_w = 135, .box_w = 8, .box_h = 11, .ofs_x = 0, .ofs_y = -1},
    {.bitmap_index = 1739, .adv_w = 134, .box_w = 8, .box_h = 10, .ofs_x = 0, .ofs_y = 0},
    {.bitmap_index = 1758, .adv_w = 97, .box_w = 7, .box_h = 9, .ofs_x = 0, .ofs_y = 0},
    {.bitmap_index = 1773, .adv_w = 127, .box_w = 8, .box_h = 10, .ofs_x = 0, .ofs_y = -1},
    {.bitmap_index = 1792, .adv_w = 144, .box_w = 9, .box_h = 11, .ofs_x = 0, .ofs_y = -1},
    {.bitmap_index = 1813, .adv_w = 141, .box_w = 9, .box_h = 9, .ofs_x = 0, .ofs_y = 0},
    {.bitmap_index = 1833, .adv_w = 133, .box_w = 9, .box_h = 10, .ofs_x = 0, .ofs_y = 0},
    {.bitmap_index = 1854, .adv_w = 175, .box_w = 12, .box_h = 8, .ofs_x = 0, .ofs_y = 1},
    {.bitmap_index = 1878, .adv_w = 151, .box_w = 10, .box_h = 10, .ofs_x = 0, .ofs_y = 0},
    {.bitmap_index = 1900, .adv_w = 120, .box_w = 8, .box_h = 10, .ofs_x = 0, .ofs_y = -1},
    {.bitmap_index = 1919, .adv_w = 132, .box_w = 8, .box_h = 10, .ofs_x = 0, .ofs_y = 0},
    {.bitmap_index = 1937, .adv_w = 79, .box_w = 6, .box_h = 14, .ofs_x = 0, .ofs_y = -2},
    {.bitmap_index = 1957, .adv_w = 57, .box_w = 3, .box_h = 14, .ofs_x = 0, .ofs_y = -1},
    {.bitmap_index = 1968, .adv_w = 60, .box_w = 5, .box_h = 14, .ofs_x = -1, .ofs_y = -2},
    {.bitmap_index = 1986, .adv_w = 160, .box_w = 10, .box_h = 4, .ofs_x = 0, .ofs_y = 2},
    {.bitmap_index = 1995, .adv_w = 221, .box_w = 4, .box_h = 4, .ofs_x = 5, .ofs_y = 4},
    {.bitmap_index = 2000, .adv_w = 205, .box_w = 13, .box_h = 3, .ofs_x = 0, .ofs_y = 4},
    {.bitmap_index = 2011, .adv_w = 209, .box_w = 13, .box_h = 12, .ofs_x = 0, .ofs_y = -2},
    {.bitmap_index = 2044, .adv_w = 201, .box_w = 9, .box_h = 9, .ofs_x = 2, .ofs_y = 1},
    {.bitmap_index = 2061, .adv_w = 221, .box_w = 4, .box_h = 5, .ofs_x = 1, .ofs_y = -1},
    {.bitmap_index = 2066, .adv_w = 221, .box_w = 5, .box_h = 5, .ofs_x = 1, .ofs_y = -1},
    {.bitmap_index = 2073, .adv_w = 221, .box_w = 12, .box_h = 3, .ofs_x = 1, .ofs_y = 4},
    {.bitmap_index = 2080, .adv_w = 221, .box_w = 13, .box_h = 13, .ofs_x = 0, .ofs_y = -1},
    {.bitmap_index = 2112, .adv_w = 221, .box_w = 13, .box_h = 11, .ofs_x = 0, .ofs_y = 0},
    {.bitmap_index = 2136, .adv_w = 221, .box_w = 14, .box_h = 13, .ofs_x = 0, .ofs_y = -1},
    {.bitmap_index = 2175, .adv_w = 221, .box_w = 14, .box_h = 13, .ofs_x = 0, .ofs_y = -1},
    {.bitmap_index = 2214, .adv_w = 221, .box_w = 14, .box_h = 14, .ofs_x = 0, .ofs_y = -2},
    {.bitmap_index = 2255, .adv_w = 221, .box_w = 13, .box_h = 15, .ofs_x = 0, .ofs_y = -2},
    {.bitmap_index = 2294, .adv_w = 221, .box_w = 14, .box_h = 13, .ofs_x = 0, .ofs_y = -1},
    {.bitmap_index = 2335, .adv_w = 221, .box_w = 14, .box_h = 13, .ofs_x = 0, .ofs_y = -1},
    {.bitmap_index = 2377, .adv_w = 221, .box_w = 13, .box_h = 13, .ofs_x = 1, .ofs_y = -1},
    {.bitmap_index = 2413, .adv_w = 221, .box_w = 12, .box_h = 13, .ofs_x = 1, .ofs_y = -1},
    {.bitmap_index = 2450, .adv_w = 221, .box_w = 14, .box_h = 14, .ofs_x = 0, .ofs_y = -2},
    {.bitmap_index = 2491, .adv_w = 221, .box_w = 13, .box_h = 13, .ofs_x = 0, .ofs_y = -1},
    {.bitmap_index = 2529, .adv_w = 221, .box_w = 13, .box_h = 14, .ofs_x = 0, .ofs_y = -1},
    {.bitmap_index = 2571, .adv_w = 221, .box_w = 12, .box_h = 13, .ofs_x = 1, .ofs_y = -1},
    {.bitmap_index = 2606, .adv_w = 221, .box_w = 14, .box_h = 13, .ofs_x = 0, .ofs_y = -1},
    {.bitmap_index = 2647, .adv_w = 221, .box_w = 12, .box_h = 13, .ofs_x = 1, .ofs_y = 0},
    {.bitmap_index = 2678, .adv_w = 221, .box_w = 13, .box_h = 15, .ofs_x = 0, .ofs_y = -2},
    {.bitmap_index = 2719, .adv_w = 221, .box_w = 13, .box_h = 11, .ofs_x = 0, .ofs_y = 0},
    {.bitmap_index = 2738, .adv_w = 221, .box_w = 14, .box_h = 14, .ofs_x = 0, .ofs_y = -1},
    {.bitmap_index = 2778, .adv_w = 221, .box_w = 14, .box_h = 13, .ofs_x = 0, .ofs_y = -1},
    {.bitmap_index = 2821, .adv_w = 221, .box_w = 13, .box_h = 14, .ofs_x = 0, .ofs_y = -2},
    {.bitmap_index = 2862, .adv_w = 221, .box_w = 14, .box_h = 14, .ofs_x = 0, .ofs_y = -2},
    {.bitmap_index = 2903, .adv_w = 221, .box_w = 14, .box_h = 13, .ofs_x = 0, .ofs_y = -1},
    {.bitmap_index = 2945, .adv_w = 221, .box_w = 14, .box_h = 14, .ofs_x = 0, .ofs_y = -2},
    {.bitmap_index = 2989, .adv_w = 221, .box_w = 13, .box_h = 13, .ofs_x = 0, .ofs_y = 0},
    {.bitmap_index = 3031, .adv_w = 221, .box_w = 14, .box_h = 14, .ofs_x = 0, .ofs_y = -2},
    {.bitmap_index = 3074, .adv_w = 221, .box_w = 14, .box_h = 14, .ofs_x = 0, .ofs_y = -2},
    {.bitmap_index = 3121, .adv_w = 221, .box_w = 14, .box_h = 15, .ofs_x = 0, .ofs_y = -2},
    {.bitmap_index = 3170, .adv_w = 221, .box_w = 14, .box_h = 13, .ofs_x = 0, .ofs_y = -1},
    {.bitmap_index = 3212, .adv_w = 221, .box_w = 14, .box_h = 14, .ofs_x = 0, .ofs_y = -2},
    {.bitmap_index = 3258, .adv_w = 221, .box_w = 14, .box_h = 14, .ofs_x = 0, .ofs_y = -2},
    {.bitmap_index = 3302, .adv_w = 221, .box_w = 14, .box_h = 14, .ofs_x = 0, .ofs_y = -2},
    {.bitmap_index = 3345, .adv_w = 221, .box_w = 14, .box_h = 14, .ofs_x = 0, .ofs_y = -2},
    {.bitmap_index = 3390, .adv_w = 221, .box_w = 14, .box_h = 15, .ofs_x = 0, .ofs_y = -2},
    {.bitmap_index = 3439, .adv_w = 221, .box_w = 14, .box_h = 14, .ofs_x = 0, .ofs_y = -2},
    {.bitmap_index = 3484, .adv_w = 221, .box_w = 14, .box_h = 15, .ofs_x = 0, .ofs_y = -2},
    {.bitmap_index = 3536, .adv_w = 221, .box_w = 12, .box_h = 13, .ofs_x = 1, .ofs_y = -1},
    {.bitmap_index = 3573, .adv_w = 221, .box_w = 14, .box_h = 14, .ofs_x = 0, .ofs_y = -2},
    {.bitmap_index = 3619, .adv_w = 221, .box_w = 14, .box_h = 14, .ofs_x = 0, .ofs_y = -2},
    {.bitmap_index = 3666, .adv_w = 221, .box_w = 14, .box_h = 13, .ofs_x = 0, .ofs_y = -1},
    {.bitmap_index = 3707, .adv_w = 221, .box_w = 14, .box_h = 13, .ofs_x = 0, .ofs_y = -1},
    {.bitmap_index = 3744, .adv_w = 221, .box_w = 13, .box_h = 14, .ofs_x = 0, .ofs_y = -1},
    {.bitmap_index = 3785, .adv_w = 221, .box_w = 13, .box_h = 13, .ofs_x = 0, .ofs_y = -1},
    {.bitmap_index = 3819, .adv_w = 221, .box_w = 14, .box_h = 14, .ofs_x = 0, .ofs_y = -2},
    {.bitmap_index = 3860, .adv_w = 221, .box_w = 14, .box_h = 13, .ofs_x = 0, .ofs_y = -1},
    {.bitmap_index = 3901, .adv_w = 221, .box_w = 14, .box_h = 15, .ofs_x = 0, .ofs_y = -2},
    {.bitmap_index = 3948, .adv_w = 221, .box_w = 14, .box_h = 14, .ofs_x = 0, .ofs_y = -2},
    {.bitmap_index = 3995, .adv_w = 221, .box_w = 14, .box_h = 14, .ofs_x = 0, .ofs_y = -1},
    {.bitmap_index = 4038, .adv_w = 221, .box_w = 13, .box_h = 14, .ofs_x = 0, .ofs_y = -1},
    {.bitmap_index = 4078, .adv_w = 221, .box_w = 14, .box_h = 13, .ofs_x = 0, .ofs_y = -1},
    {.bitmap_index = 4122, .adv_w = 221, .box_w = 14, .box_h = 14, .ofs_x = 0, .ofs_y = -2},
    {.bitmap_index = 4166, .adv_w = 221, .box_w = 14, .box_h = 13, .ofs_x = 0, .ofs_y = -1},
    {.bitmap_index = 4209, .adv_w = 221, .box_w = 12, .box_h = 15, .ofs_x = 1, .ofs_y = -2},
    {.bitmap_index = 4249, .adv_w = 221, .box_w = 14, .box_h = 13, .ofs_x = 0, .ofs_y = -1},
    {.bitmap_index = 4290, .adv_w = 221, .box_w = 14, .box_h = 14, .ofs_x = 0, .ofs_y = -1},
    {.bitmap_index = 4337, .adv_w = 221, .box_w = 14, .box_h = 14, .ofs_x = 0, .ofs_y = -1},
    {.bitmap_index = 4385, .adv_w = 221, .box_w = 14, .box_h = 15, .ofs_x = 0, .ofs_y = -2},
    {.bitmap_index = 4434, .adv_w = 221, .box_w = 14, .box_h = 14, .ofs_x = 0, .ofs_y = -2},
    {.bitmap_index = 4482, .adv_w = 221, .box_w = 14, .box_h = 15, .ofs_x = 0, .ofs_y = -2},
    {.bitmap_index = 4535, .adv_w = 221, .box_w = 12, .box_h = 14, .ofs_x = 1, .ofs_y = -1},
    {.bitmap_index = 4578, .adv_w = 221, .box_w = 14, .box_h = 14, .ofs_x = 0, .ofs_y = -1},
    {.bitmap_index = 4626, .adv_w = 221, .box_w = 14, .box_h = 15, .ofs_x = 0, .ofs_y = -2},
    {.bitmap_index = 4678, .adv_w = 221, .box_w = 14, .box_h = 13, .ofs_x = 0, .ofs_y = -1},
    {.bitmap_index = 4725, .adv_w = 221, .box_w = 14, .box_h = 14, .ofs_x = 0, .ofs_y = -2},
    {.bitmap_index = 4773, .adv_w = 221, .box_w = 12, .box_h = 13, .ofs_x = 1, .ofs_y = -1},
    {.bitmap_index = 4808, .adv_w = 221, .box_w = 14, .box_h = 13, .ofs_x = 0, .ofs_y = -1},
    {.bitmap_index = 4848, .adv_w = 221, .box_w = 13, .box_h = 13, .ofs_x = 0, .ofs_y = -1},
    {.bitmap_index = 4891, .adv_w = 221, .box_w = 14, .box_h = 13, .ofs_x = 0, .ofs_y = -1},
    {.bitmap_index = 4936, .adv_w = 221, .box_w = 13, .box_h = 15, .ofs_x = 0, .ofs_y = -2},
    {.bitmap_index = 4979, .adv_w = 221, .box_w = 14, .box_h = 14, .ofs_x = 0, .ofs_y = -2},
    {.bitmap_index = 5026, .adv_w = 221, .box_w = 14, .box_h = 13, .ofs_x = 0, .ofs_y = -1},
    {.bitmap_index = 5072, .adv_w = 221, .box_w = 14, .box_h = 13, .ofs_x = 0, .ofs_y = -1},
    {.bitmap_index = 5118, .adv_w = 221, .box_w = 13, .box_h = 13, .ofs_x = 0, .ofs_y = -1},
    {.bitmap_index = 5157, .adv_w = 221, .box_w = 14, .box_h = 14, .ofs_x = 0, .ofs_y = -1},
    {.bitmap_index = 5207, .adv_w = 221, .box_w = 14, .box_h = 13, .ofs_x = 0, .ofs_y = -1},
    {.bitmap_index = 5248, .adv_w = 221, .box_w = 13, .box_h = 14, .ofs_x = 0, .ofs_y = -1},
    {.bitmap_index = 5290, .adv_w = 221, .box_w = 12, .box_h = 15, .ofs_x = 1, .ofs_y = -2},
    {.bitmap_index = 5323, .adv_w = 221, .box_w = 12, .box_h = 14, .ofs_x = 1, .ofs_y = -2},
    {.bitmap_index = 5356, .adv_w = 221, .box_w = 13, .box_h = 13, .ofs_x = 0, .ofs_y = -1},
    {.bitmap_index = 5395, .adv_w = 221, .box_w = 14, .box_h = 15, .ofs_x = 0, .ofs_y = -2},
    {.bitmap_index = 5437, .adv_w = 221, .box_w = 13, .box_h = 14, .ofs_x = 1, .ofs_y = -1},
    {.bitmap_index = 5479, .adv_w = 221, .box_w = 14, .box_h = 14, .ofs_x = 0, .ofs_y = -1},
    {.bitmap_index = 5526, .adv_w = 221, .box_w = 14, .box_h = 14, .ofs_x = 0, .ofs_y = -1},
    {.bitmap_index = 5568, .adv_w = 221, .box_w = 12, .box_h = 13, .ofs_x = 1, .ofs_y = -1},
    {.bitmap_index = 5602, .adv_w = 221, .box_w = 14, .box_h = 14, .ofs_x = 0, .ofs_y = -2},
    {.bitmap_index = 5647, .adv_w = 221, .box_w = 14, .box_h = 15, .ofs_x = 0, .ofs_y = -2},
    {.bitmap_index = 5696, .adv_w = 221, .box_w = 12, .box_h = 13, .ofs_x = 1, .ofs_y = -1},
    {.bitmap_index = 5732, .adv_w = 221, .box_w = 11, .box_h = 14, .ofs_x = 1, .ofs_y = -1},
    {.bitmap_index = 5766, .adv_w = 221, .box_w = 14, .box_h = 13, .ofs_x = 0, .ofs_y = 0},
    {.bitmap_index = 5809, .adv_w = 221, .box_w = 14, .box_h = 13, .ofs_x = 0, .ofs_y = -1},
    {.bitmap_index = 5849, .adv_w = 221, .box_w = 12, .box_h = 14, .ofs_x = 1, .ofs_y = -2},
    {.bitmap_index = 5885, .adv_w = 221, .box_w = 12, .box_h = 13, .ofs_x = 1, .ofs_y = -1},
    {.bitmap_index = 5920, .adv_w = 221, .box_w = 14, .box_h = 15, .ofs_x = 0, .ofs_y = -2},
    {.bitmap_index = 5962, .adv_w = 221, .box_w = 13, .box_h = 13, .ofs_x = 0, .ofs_y = -1},
    {.bitmap_index = 5999, .adv_w = 221, .box_w = 14, .box_h = 14, .ofs_x = 0, .ofs_y = -2},
    {.bitmap_index = 6043, .adv_w = 221, .box_w = 14, .box_h = 14, .ofs_x = 0, .ofs_y = -2},
    {.bitmap_index = 6083, .adv_w = 221, .box_w = 14, .box_h = 14, .ofs_x = 0, .ofs_y = -2},
    {.bitmap_index = 6126, .adv_w = 221, .box_w = 12, .box_h = 14, .ofs_x = 1, .ofs_y = -2},
    {.bitmap_index = 6163, .adv_w = 221, .box_w = 12, .box_h = 14, .ofs_x = 1, .ofs_y = -2},
    {.bitmap_index = 6202, .adv_w = 221, .box_w = 14, .box_h = 14, .ofs_x = 0, .ofs_y = -1},
    {.bitmap_index = 6248, .adv_w = 221, .box_w = 14, .box_h = 14, .ofs_x = 0, .ofs_y = -2},
    {.bitmap_index = 6292, .adv_w = 221, .box_w = 12, .box_h = 15, .ofs_x = 1, .ofs_y = -2},
    {.bitmap_index = 6330, .adv_w = 221, .box_w = 14, .box_h = 13, .ofs_x = 0, .ofs_y = -1},
    {.bitmap_index = 6375, .adv_w = 221, .box_w = 14, .box_h = 14, .ofs_x = 0, .ofs_y = -2},
    {.bitmap_index = 6421, .adv_w = 221, .box_w = 14, .box_h = 15, .ofs_x = 0, .ofs_y = -2},
    {.bitmap_index = 6470, .adv_w = 221, .box_w = 13, .box_h = 14, .ofs_x = 0, .ofs_y = -1},
    {.bitmap_index = 6516, .adv_w = 221, .box_w = 14, .box_h = 13, .ofs_x = 0, .ofs_y = -1},
    {.bitmap_index = 6557, .adv_w = 221, .box_w = 14, .box_h = 13, .ofs_x = 0, .ofs_y = -2},
    {.bitmap_index = 6600, .adv_w = 221, .box_w = 14, .box_h = 15, .ofs_x = 0, .ofs_y = -2},
    {.bitmap_index = 6648, .adv_w = 221, .box_w = 14, .box_h = 14, .ofs_x = 0, .ofs_y = -2},
    {.bitmap_index = 6693, .adv_w = 221, .box_w = 14, .box_h = 13, .ofs_x = 0, .ofs_y = -1},
    {.bitmap_index = 6739, .adv_w = 221, .box_w = 14, .box_h = 13, .ofs_x = 0, .ofs_y = -1},
    {.bitmap_index = 6785, .adv_w = 221, .box_w = 14, .box_h = 13, .ofs_x = 0, .ofs_y = -1},
    {.bitmap_index = 6829, .adv_w = 221, .box_w = 14, .box_h = 14, .ofs_x = 0, .ofs_y = -2},
    {.bitmap_index = 6877, .adv_w = 221, .box_w = 14, .box_h = 14, .ofs_x = 0, .ofs_y = -2},
    {.bitmap_index = 6920, .adv_w = 221, .box_w = 13, .box_h = 15, .ofs_x = 0, .ofs_y = -2},
    {.bitmap_index = 6968, .adv_w = 221, .box_w = 12, .box_h = 12, .ofs_x = 1, .ofs_y = -1},
    {.bitmap_index = 7001, .adv_w = 221, .box_w = 13, .box_h = 13, .ofs_x = 0, .ofs_y = -2},
    {.bitmap_index = 7042, .adv_w = 221, .box_w = 12, .box_h = 13, .ofs_x = 1, .ofs_y = -1},
    {.bitmap_index = 7079, .adv_w = 221, .box_w = 14, .box_h = 15, .ofs_x = 0, .ofs_y = -2},
    {.bitmap_index = 7129, .adv_w = 221, .box_w = 14, .box_h = 13, .ofs_x = 0, .ofs_y = -1},
    {.bitmap_index = 7171, .adv_w = 221, .box_w = 14, .box_h = 14, .ofs_x = 0, .ofs_y = -1},
    {.bitmap_index = 7219, .adv_w = 221, .box_w = 14, .box_h = 13, .ofs_x = 0, .ofs_y = -1},
    {.bitmap_index = 7265, .adv_w = 221, .box_w = 14, .box_h = 15, .ofs_x = 0, .ofs_y = -2},
    {.bitmap_index = 7312, .adv_w = 221, .box_w = 12, .box_h = 15, .ofs_x = 1, .ofs_y = -2},
    {.bitmap_index = 7355, .adv_w = 221, .box_w = 14, .box_h = 14, .ofs_x = 0, .ofs_y = -2},
    {.bitmap_index = 7402, .adv_w = 221, .box_w = 13, .box_h = 14, .ofs_x = 1, .ofs_y = -2},
    {.bitmap_index = 7444, .adv_w = 221, .box_w = 12, .box_h = 15, .ofs_x = 1, .ofs_y = -2},
    {.bitmap_index = 7484, .adv_w = 221, .box_w = 14, .box_h = 15, .ofs_x = 0, .ofs_y = -2},
    {.bitmap_index = 7531, .adv_w = 221, .box_w = 13, .box_h = 14, .ofs_x = 0, .ofs_y = -2},
    {.bitmap_index = 7573, .adv_w = 221, .box_w = 13, .box_h = 13, .ofs_x = 0, .ofs_y = -1},
    {.bitmap_index = 7609, .adv_w = 221, .box_w = 13, .box_h = 13, .ofs_x = 0, .ofs_y = -1},
    {.bitmap_index = 7645, .adv_w = 221, .box_w = 13, .box_h = 13, .ofs_x = 0, .ofs_y = -1},
    {.bitmap_index = 7682, .adv_w = 221, .box_w = 13, .box_h = 13, .ofs_x = 0, .ofs_y = -1},
    {.bitmap_index = 7720, .adv_w = 221, .box_w = 14, .box_h = 13, .ofs_x = 0, .ofs_y = -1},
    {.bitmap_index = 7761, .adv_w = 221, .box_w = 14, .box_h = 14, .ofs_x = 0, .ofs_y = -2},
    {.bitmap_index = 7805, .adv_w = 221, .box_w = 13, .box_h = 13, .ofs_x = 0, .ofs_y = -1},
    {.bitmap_index = 7845, .adv_w = 221, .box_w = 14, .box_h = 13, .ofs_x = 0, .ofs_y = -1},
    {.bitmap_index = 7889, .adv_w = 221, .box_w = 14, .box_h = 13, .ofs_x = 0, .ofs_y = -1},
    {.bitmap_index = 7925, .adv_w = 221, .box_w = 13, .box_h = 14, .ofs_x = 0, .ofs_y = -2},
    {.bitmap_index = 7962, .adv_w = 221, .box_w = 14, .box_h = 13, .ofs_x = 0, .ofs_y = -1},
    {.bitmap_index = 8005, .adv_w = 221, .box_w = 14, .box_h = 14, .ofs_x = 0, .ofs_y = -2},
    {.bitmap_index = 8048, .adv_w = 221, .box_w = 13, .box_h = 14, .ofs_x = 0, .ofs_y = -2},
    {.bitmap_index = 8086, .adv_w = 221, .box_w = 13, .box_h = 14, .ofs_x = 0, .ofs_y = -2},
    {.bitmap_index = 8127, .adv_w = 221, .box_w = 12, .box_h = 13, .ofs_x = 1, .ofs_y = -1},
    {.bitmap_index = 8161, .adv_w = 221, .box_w = 14, .box_h = 14, .ofs_x = 0, .ofs_y = -2},
    {.bitmap_index = 8206, .adv_w = 221, .box_w = 14, .box_h = 14, .ofs_x = 0, .ofs_y = -2},
    {.bitmap_index = 8249, .adv_w = 221, .box_w = 14, .box_h = 13, .ofs_x = 0, .ofs_y = -1},
    {.bitmap_index = 8291, .adv_w = 221, .box_w = 14, .box_h = 14, .ofs_x = 0, .ofs_y = -2},
    {.bitmap_index = 8337, .adv_w = 221, .box_w = 14, .box_h = 13, .ofs_x = 0, .ofs_y = -1},
    {.bitmap_index = 8380, .adv_w = 221, .box_w = 14, .box_h = 13, .ofs_x = 0, .ofs_y = -1},
    {.bitmap_index = 8424, .adv_w = 221, .box_w = 14, .box_h = 14, .ofs_x = 0, .ofs_y = -1},
    {.bitmap_index = 8471, .adv_w = 221, .box_w = 14, .box_h = 13, .ofs_x = 0, .ofs_y = -1},
    {.bitmap_index = 8512, .adv_w = 221, .box_w = 14, .box_h = 13, .ofs_x = 0, .ofs_y = -1},
    {.bitmap_index = 8558, .adv_w = 221, .box_w = 12, .box_h = 13, .ofs_x = 1, .ofs_y = -1},
    {.bitmap_index = 8596, .adv_w = 221, .box_w = 14, .box_h = 14, .ofs_x = 0, .ofs_y = -1},
    {.bitmap_index = 8643, .adv_w = 221, .box_w = 13, .box_h = 14, .ofs_x = 0, .ofs_y = -1},
    {.bitmap_index = 8687, .adv_w = 221, .box_w = 14, .box_h = 15, .ofs_x = 0, .ofs_y = -2},
    {.bitmap_index = 8730, .adv_w = 221, .box_w = 14, .box_h = 15, .ofs_x = 0, .ofs_y = -2},
    {.bitmap_index = 8777, .adv_w = 221, .box_w = 14, .box_h = 14, .ofs_x = 0, .ofs_y = -1},
    {.bitmap_index = 8822, .adv_w = 221, .box_w = 12, .box_h = 13, .ofs_x = 1, .ofs_y = -1},
    {.bitmap_index = 8854, .adv_w = 221, .box_w = 14, .box_h = 14, .ofs_x = 0, .ofs_y = -1},
    {.bitmap_index = 8901, .adv_w = 221, .box_w = 14, .box_h = 13, .ofs_x = 0, .ofs_y = -1},
    {.bitmap_index = 8944, .adv_w = 221, .box_w = 13, .box_h = 15, .ofs_x = 0, .ofs_y = -2},
    {.bitmap_index = 8991, .adv_w = 221, .box_w = 14, .box_h = 15, .ofs_x = 0, .ofs_y = -2},
    {.bitmap_index = 9036, .adv_w = 221, .box_w = 12, .box_h = 14, .ofs_x = 1, .ofs_y = -2},
    {.bitmap_index = 9072, .adv_w = 221, .box_w = 14, .box_h = 14, .ofs_x = 0, .ofs_y = -2},
    {.bitmap_index = 9116, .adv_w = 221, .box_w = 13, .box_h = 13, .ofs_x = 0, .ofs_y = -1},
    {.bitmap_index = 9156, .adv_w = 221, .box_w = 14, .box_h = 14, .ofs_x = 0, .ofs_y = -2},
    {.bitmap_index = 9200, .adv_w = 221, .box_w = 14, .box_h = 14, .ofs_x = 0, .ofs_y = -1},
    {.bitmap_index = 9244, .adv_w = 221, .box_w = 14, .box_h = 15, .ofs_x = 0, .ofs_y = -2},
    {.bitmap_index = 9289, .adv_w = 221, .box_w = 14, .box_h = 14, .ofs_x = 0, .ofs_y = -1},
    {.bitmap_index = 9337, .adv_w = 221, .box_w = 14, .box_h = 15, .ofs_x = 0, .ofs_y = -2},
    {.bitmap_index = 9384, .adv_w = 221, .box_w = 14, .box_h = 14, .ofs_x = 0, .ofs_y = -2},
    {.bitmap_index = 9429, .adv_w = 221, .box_w = 14, .box_h = 15, .ofs_x = 0, .ofs_y = -2},
    {.bitmap_index = 9478, .adv_w = 221, .box_w = 14, .box_h = 13, .ofs_x = 0, .ofs_y = -1},
    {.bitmap_index = 9522, .adv_w = 221, .box_w = 14, .box_h = 14, .ofs_x = 0, .ofs_y = -2},
    {.bitmap_index = 9569, .adv_w = 221, .box_w = 14, .box_h = 11, .ofs_x = 0, .ofs_y = 0},
    {.bitmap_index = 9606, .adv_w = 221, .box_w = 14, .box_h = 14, .ofs_x = 0, .ofs_y = -2},
    {.bitmap_index = 9648, .adv_w = 221, .box_w = 14, .box_h = 15, .ofs_x = 0, .ofs_y = -2},
    {.bitmap_index = 9697, .adv_w = 221, .box_w = 14, .box_h = 15, .ofs_x = 0, .ofs_y = -2},
    {.bitmap_index = 9744, .adv_w = 221, .box_w = 14, .box_h = 13, .ofs_x = 0, .ofs_y = -1},
    {.bitmap_index = 9787, .adv_w = 221, .box_w = 13, .box_h = 14, .ofs_x = 0, .ofs_y = -2},
    {.bitmap_index = 9830, .adv_w = 221, .box_w = 14, .box_h = 15, .ofs_x = 0, .ofs_y = -2},
    {.bitmap_index = 9879, .adv_w = 221, .box_w = 14, .box_h = 15, .ofs_x = 0, .ofs_y = -2},
    {.bitmap_index = 9924, .adv_w = 221, .box_w = 14, .box_h = 14, .ofs_x = 0, .ofs_y = -2},
    {.bitmap_index = 9970, .adv_w = 221, .box_w = 14, .box_h = 15, .ofs_x = 0, .ofs_y = -2},
    {.bitmap_index = 10017, .adv_w = 221, .box_w = 14, .box_h = 15, .ofs_x = 0, .ofs_y = -2},
    {.bitmap_index = 10065, .adv_w = 221, .box_w = 13, .box_h = 14, .ofs_x = 0, .ofs_y = -1},
    {.bitmap_index = 10108, .adv_w = 221, .box_w = 14, .box_h = 13, .ofs_x = 0, .ofs_y = -1},
    {.bitmap_index = 10152, .adv_w = 221, .box_w = 14, .box_h = 15, .ofs_x = 0, .ofs_y = -2},
    {.bitmap_index = 10203, .adv_w = 221, .box_w = 13, .box_h = 13, .ofs_x = 0, .ofs_y = -1},
    {.bitmap_index = 10244, .adv_w = 221, .box_w = 12, .box_h = 13, .ofs_x = 1, .ofs_y = -1},
    {.bitmap_index = 10276, .adv_w = 221, .box_w = 14, .box_h = 14, .ofs_x = 0, .ofs_y = -1},
    {.bitmap_index = 10317, .adv_w = 221, .box_w = 14, .box_h = 14, .ofs_x = 0, .ofs_y = -1},
    {.bitmap_index = 10361, .adv_w = 221, .box_w = 14, .box_h = 13, .ofs_x = 0, .ofs_y = -1},
    {.bitmap_index = 10404, .adv_w = 221, .box_w = 14, .box_h = 14, .ofs_x = 0, .ofs_y = -1},
    {.bitmap_index = 10450, .adv_w = 221, .box_w = 14, .box_h = 14, .ofs_x = 0, .ofs_y = -2},
    {.bitmap_index = 10496, .adv_w = 221, .box_w = 14, .box_h = 13, .ofs_x = 0, .ofs_y = -1},
    {.bitmap_index = 10542, .adv_w = 221, .box_w = 14, .box_h = 15, .ofs_x = 0, .ofs_y = -2},
    {.bitmap_index = 10592, .adv_w = 221, .box_w = 14, .box_h = 14, .ofs_x = 0, .ofs_y = -2},
    {.bitmap_index = 10639, .adv_w = 221, .box_w = 14, .box_h = 14, .ofs_x = 0, .ofs_y = -2},
    {.bitmap_index = 10680, .adv_w = 221, .box_w = 14, .box_h = 14, .ofs_x = 0, .ofs_y = -1},
    {.bitmap_index = 10726, .adv_w = 221, .box_w = 14, .box_h = 14, .ofs_x = 0, .ofs_y = -1},
    {.bitmap_index = 10771, .adv_w = 221, .box_w = 14, .box_h = 15, .ofs_x = 0, .ofs_y = -2},
    {.bitmap_index = 10822, .adv_w = 221, .box_w = 14, .box_h = 14, .ofs_x = 0, .ofs_y = -2},
    {.bitmap_index = 10871, .adv_w = 221, .box_w = 14, .box_h = 13, .ofs_x = 0, .ofs_y = -1},
    {.bitmap_index = 10915, .adv_w = 221, .box_w = 14, .box_h = 15, .ofs_x = 0, .ofs_y = -2},
    {.bitmap_index = 10966, .adv_w = 221, .box_w = 12, .box_h = 13, .ofs_x = 1, .ofs_y = -1},
    {.bitmap_index = 11006, .adv_w = 221, .box_w = 14, .box_h = 15, .ofs_x = 0, .ofs_y = -2},
    {.bitmap_index = 11056, .adv_w = 221, .box_w = 14, .box_h = 14, .ofs_x = 0, .ofs_y = -1},
    {.bitmap_index = 11104, .adv_w = 221, .box_w = 14, .box_h = 15, .ofs_x = 0, .ofs_y = -2},
    {.bitmap_index = 11154, .adv_w = 221, .box_w = 14, .box_h = 15, .ofs_x = 0, .ofs_y = -2},
    {.bitmap_index = 11206, .adv_w = 221, .box_w = 14, .box_h = 14, .ofs_x = 0, .ofs_y = -2},
    {.bitmap_index = 11253, .adv_w = 221, .box_w = 14, .box_h = 14, .ofs_x = 0, .ofs_y = -1},
    {.bitmap_index = 11298, .adv_w = 221, .box_w = 14, .box_h = 14, .ofs_x = 0, .ofs_y = -2},
    {.bitmap_index = 11346, .adv_w = 221, .box_w = 13, .box_h = 14, .ofs_x = 0, .ofs_y = -2},
    {.bitmap_index = 11388, .adv_w = 221, .box_w = 14, .box_h = 13, .ofs_x = 0, .ofs_y = -1},
    {.bitmap_index = 11434, .adv_w = 221, .box_w = 13, .box_h = 14, .ofs_x = 0, .ofs_y = -1},
    {.bitmap_index = 11479, .adv_w = 221, .box_w = 14, .box_h = 15, .ofs_x = 0, .ofs_y = -2},
    {.bitmap_index = 11529, .adv_w = 221, .box_w = 13, .box_h = 15, .ofs_x = 0, .ofs_y = -2},
    {.bitmap_index = 11574, .adv_w = 221, .box_w = 14, .box_h = 14, .ofs_x = 0, .ofs_y = -2},
    {.bitmap_index = 11621, .adv_w = 221, .box_w = 14, .box_h = 14, .ofs_x = 0, .ofs_y = -2},
    {.bitmap_index = 11669, .adv_w = 221, .box_w = 14, .box_h = 13, .ofs_x = 0, .ofs_y = 0},
    {.bitmap_index = 11708, .adv_w = 221, .box_w = 11, .box_h = 13, .ofs_x = 1, .ofs_y = -1},
    {.bitmap_index = 11741, .adv_w = 221, .box_w = 12, .box_h = 13, .ofs_x = 1, .ofs_y = -1},
    {.bitmap_index = 11776, .adv_w = 221, .box_w = 14, .box_h = 15, .ofs_x = 0, .ofs_y = -2},
    {.bitmap_index = 11821, .adv_w = 221, .box_w = 14, .box_h = 14, .ofs_x = 0, .ofs_y = -1},
    {.bitmap_index = 11866, .adv_w = 221, .box_w = 14, .box_h = 14, .ofs_x = 0, .ofs_y = -1},
    {.bitmap_index = 11913, .adv_w = 221, .box_w = 13, .box_h = 15, .ofs_x = 0, .ofs_y = -2},
    {.bitmap_index = 11957, .adv_w = 221, .box_w = 14, .box_h = 15, .ofs_x = 0, .ofs_y = -2},
    {.bitmap_index = 12004, .adv_w = 221, .box_w = 14, .box_h = 13, .ofs_x = 0, .ofs_y = -1},
    {.bitmap_index = 12048, .adv_w = 221, .box_w = 13, .box_h = 15, .ofs_x = 1, .ofs_y = -2},
    {.bitmap_index = 12091, .adv_w = 221, .box_w = 12, .box_h = 14, .ofs_x = 1, .ofs_y = -2},
    {.bitmap_index = 12129, .adv_w = 221, .box_w = 12, .box_h = 14, .ofs_x = 1, .ofs_y = -2},
    {.bitmap_index = 12167, .adv_w = 221, .box_w = 14, .box_h = 14, .ofs_x = 0, .ofs_y = -2},
    {.bitmap_index = 12215, .adv_w = 221, .box_w = 14, .box_h = 14, .ofs_x = 0, .ofs_y = -2},
    {.bitmap_index = 12264, .adv_w = 221, .box_w = 12, .box_h = 14, .ofs_x = 1, .ofs_y = -1},
    {.bitmap_index = 12303, .adv_w = 221, .box_w = 14, .box_h = 15, .ofs_x = 0, .ofs_y = -2},
    {.bitmap_index = 12348, .adv_w = 221, .box_w = 14, .box_h = 15, .ofs_x = 0, .ofs_y = -2},
    {.bitmap_index = 12400, .adv_w = 221, .box_w = 13, .box_h = 15, .ofs_x = 0, .ofs_y = -2},
    {.bitmap_index = 12444, .adv_w = 221, .box_w = 14, .box_h = 15, .ofs_x = 0, .ofs_y = -2},
    {.bitmap_index = 12489, .adv_w = 221, .box_w = 14, .box_h = 15, .ofs_x = 0, .ofs_y = -2},
    {.bitmap_index = 12541, .adv_w = 221, .box_w = 14, .box_h = 15, .ofs_x = 0, .ofs_y = -2},
    {.bitmap_index = 12589, .adv_w = 221, .box_w = 12, .box_h = 14, .ofs_x = 1, .ofs_y = -1},
    {.bitmap_index = 12628, .adv_w = 221, .box_w = 14, .box_h = 15, .ofs_x = 0, .ofs_y = -2},
    {.bitmap_index = 12672, .adv_w = 221, .box_w = 14, .box_h = 15, .ofs_x = 0, .ofs_y = -2},
    {.bitmap_index = 12723, .adv_w = 221, .box_w = 14, .box_h = 13, .ofs_x = 0, .ofs_y = -1},
    {.bitmap_index = 12768, .adv_w = 221, .box_w = 14, .box_h = 14, .ofs_x = 0, .ofs_y = -2},
    {.bitmap_index = 12816, .adv_w = 221, .box_w = 14, .box_h = 15, .ofs_x = 0, .ofs_y = -2},
    {.bitmap_index = 12867, .adv_w = 221, .box_w = 15, .box_h = 14, .ofs_x = -1, .ofs_y = -2},
    {.bitmap_index = 12916, .adv_w = 221, .box_w = 14, .box_h = 15, .ofs_x = 0, .ofs_y = -2},
    {.bitmap_index = 12969, .adv_w = 221, .box_w = 14, .box_h = 15, .ofs_x = 0, .ofs_y = -2},
    {.bitmap_index = 13019, .adv_w = 221, .box_w = 14, .box_h = 13, .ofs_x = 0, .ofs_y = -1},
    {.bitmap_index = 13061, .adv_w = 221, .box_w = 14, .box_h = 13, .ofs_x = 0, .ofs_y = -1},
    {.bitmap_index = 13100, .adv_w = 221, .box_w = 13, .box_h = 13, .ofs_x = 0, .ofs_y = -1},
    {.bitmap_index = 13138, .adv_w = 221, .box_w = 12, .box_h = 14, .ofs_x = 1, .ofs_y = -2},
    {.bitmap_index = 13176, .adv_w = 221, .box_w = 14, .box_h = 14, .ofs_x = 0, .ofs_y = -2},
    {.bitmap_index = 13221, .adv_w = 221, .box_w = 14, .box_h = 13, .ofs_x = 0, .ofs_y = -1},
    {.bitmap_index = 13259, .adv_w = 221, .box_w = 14, .box_h = 14, .ofs_x = 0, .ofs_y = -2},
    {.bitmap_index = 13301, .adv_w = 221, .box_w = 14, .box_h = 14, .ofs_x = 0, .ofs_y = -1},
    {.bitmap_index = 13344, .adv_w = 221, .box_w = 14, .box_h = 13, .ofs_x = 0, .ofs_y = -1},
    {.bitmap_index = 13384, .adv_w = 221, .box_w = 14, .box_h = 13, .ofs_x = 0, .ofs_y = -1},
    {.bitmap_index = 13426, .adv_w = 221, .box_w = 14, .box_h = 14, .ofs_x = 0, .ofs_y = -1},
    {.bitmap_index = 13473, .adv_w = 221, .box_w = 14, .box_h = 13, .ofs_x = 0, .ofs_y = -1},
    {.bitmap_index = 13517, .adv_w = 221, .box_w = 14, .box_h = 14, .ofs_x = 0, .ofs_y = -1},
    {.bitmap_index = 13563, .adv_w = 221, .box_w = 14, .box_h = 13, .ofs_x = 0, .ofs_y = -1},
    {.bitmap_index = 13606, .adv_w = 221, .box_w = 14, .box_h = 15, .ofs_x = 0, .ofs_y = -2},
    {.bitmap_index = 13652, .adv_w = 221, .box_w = 13, .box_h = 14, .ofs_x = 0, .ofs_y = -2},
    {.bitmap_index = 13695, .adv_w = 221, .box_w = 14, .box_h = 14, .ofs_x = 0, .ofs_y = -1},
    {.bitmap_index = 13739, .adv_w = 221, .box_w = 14, .box_h = 14, .ofs_x = 0, .ofs_y = -2},
    {.bitmap_index = 13786, .adv_w = 221, .box_w = 14, .box_h = 13, .ofs_x = 0, .ofs_y = -1},
    {.bitmap_index = 13828, .adv_w = 221, .box_w = 13, .box_h = 14, .ofs_x = 0, .ofs_y = -2},
    {.bitmap_index = 13873, .adv_w = 221, .box_w = 14, .box_h = 14, .ofs_x = 0, .ofs_y = -1},
    {.bitmap_index = 13922, .adv_w = 221, .box_w = 14, .box_h = 14, .ofs_x = 0, .ofs_y = -2},
    {.bitmap_index = 13970, .adv_w = 221, .box_w = 15, .box_h = 13, .ofs_x = -1, .ofs_y = -1},
    {.bitmap_index = 14017, .adv_w = 221, .box_w = 13, .box_h = 14, .ofs_x = 0, .ofs_y = -1},
    {.bitmap_index = 14060, .adv_w = 221, .box_w = 14, .box_h = 14, .ofs_x = 0, .ofs_y = -2},
    {.bitmap_index = 14109, .adv_w = 221, .box_w = 14, .box_h = 14, .ofs_x = 0, .ofs_y = -2},
    {.bitmap_index = 14158, .adv_w = 221, .box_w = 14, .box_h = 14, .ofs_x = 0, .ofs_y = -1},
    {.bitmap_index = 14203, .adv_w = 221, .box_w = 14, .box_h = 14, .ofs_x = 0, .ofs_y = -2},
    {.bitmap_index = 14250, .adv_w = 221, .box_w = 14, .box_h = 15, .ofs_x = 0, .ofs_y = -2},
    {.bitmap_index = 14301, .adv_w = 221, .box_w = 14, .box_h = 13, .ofs_x = 0, .ofs_y = -1},
    {.bitmap_index = 14341, .adv_w = 221, .box_w = 14, .box_h = 15, .ofs_x = 0, .ofs_y = -2},
    {.bitmap_index = 14392, .adv_w = 221, .box_w = 14, .box_h = 13, .ofs_x = 0, .ofs_y = -1},
    {.bitmap_index = 14439, .adv_w = 221, .box_w = 12, .box_h = 14, .ofs_x = 1, .ofs_y = -1},
    {.bitmap_index = 14479, .adv_w = 221, .box_w = 14, .box_h = 14, .ofs_x = 0, .ofs_y = -2},
    {.bitmap_index = 14525, .adv_w = 221, .box_w = 13, .box_h = 14, .ofs_x = 0, .ofs_y = -2},
    {.bitmap_index = 14565, .adv_w = 221, .box_w = 14, .box_h = 13, .ofs_x = 0, .ofs_y = -1},
    {.bitmap_index = 14611, .adv_w = 221, .box_w = 14, .box_h = 15, .ofs_x = 0, .ofs_y = -2},
    {.bitmap_index = 14661, .adv_w = 221, .box_w = 14, .box_h = 13, .ofs_x = 0, .ofs_y = -1},
    {.bitmap_index = 14700, .adv_w = 221, .box_w = 14, .box_h = 14, .ofs_x = 0, .ofs_y = -1},
    {.bitmap_index = 14749, .adv_w = 221, .box_w = 13, .box_h = 15, .ofs_x = 0, .ofs_y = -2},
    {.bitmap_index = 14792, .adv_w = 221, .box_w = 13, .box_h = 13, .ofs_x = 0, .ofs_y = -1},
    {.bitmap_index = 14831, .adv_w = 221, .box_w = 14, .box_h = 14, .ofs_x = 0, .ofs_y = -1},
    {.bitmap_index = 14874, .adv_w = 221, .box_w = 14, .box_h = 13, .ofs_x = 0, .ofs_y = -1},
    {.bitmap_index = 14919, .adv_w = 221, .box_w = 14, .box_h = 13, .ofs_x = 0, .ofs_y = -1},
    {.bitmap_index = 14958, .adv_w = 221, .box_w = 13, .box_h = 13, .ofs_x = 0, .ofs_y = -1},
    {.bitmap_index = 14997, .adv_w = 221, .box_w = 14, .box_h = 14, .ofs_x = 0, .ofs_y = -1},
    {.bitmap_index = 15044, .adv_w = 221, .box_w = 14, .box_h = 13, .ofs_x = 0, .ofs_y = -1},
    {.bitmap_index = 15089, .adv_w = 221, .box_w = 13, .box_h = 15, .ofs_x = 0, .ofs_y = -2},
    {.bitmap_index = 15132, .adv_w = 221, .box_w = 14, .box_h = 15, .ofs_x = 0, .ofs_y = -2},
    {.bitmap_index = 15181, .adv_w = 221, .box_w = 14, .box_h = 14, .ofs_x = 0, .ofs_y = -2},
    {.bitmap_index = 15227, .adv_w = 221, .box_w = 14, .box_h = 13, .ofs_x = 0, .ofs_y = -1},
    {.bitmap_index = 15272, .adv_w = 221, .box_w = 14, .box_h = 13, .ofs_x = 0, .ofs_y = -1},
    {.bitmap_index = 15315, .adv_w = 221, .box_w = 14, .box_h = 15, .ofs_x = 0, .ofs_y = -2},
    {.bitmap_index = 15365, .adv_w = 221, .box_w = 14, .box_h = 14, .ofs_x = 0, .ofs_y = -2},
    {.bitmap_index = 15414, .adv_w = 221, .box_w = 14, .box_h = 15, .ofs_x = 0, .ofs_y = -2},
    {.bitmap_index = 15464, .adv_w = 221, .box_w = 14, .box_h = 13, .ofs_x = 0, .ofs_y = -1},
    {.bitmap_index = 15510, .adv_w = 221, .box_w = 15, .box_h = 14, .ofs_x = -1, .ofs_y = -2},
    {.bitmap_index = 15559, .adv_w = 221, .box_w = 13, .box_h = 13, .ofs_x = 0, .ofs_y = -1},
    {.bitmap_index = 15596, .adv_w = 221, .box_w = 14, .box_h = 15, .ofs_x = 0, .ofs_y = -2},
    {.bitmap_index = 15645, .adv_w = 221, .box_w = 13, .box_h = 14, .ofs_x = 0, .ofs_y = -2},
    {.bitmap_index = 15687, .adv_w = 221, .box_w = 14, .box_h = 15, .ofs_x = 0, .ofs_y = -2},
    {.bitmap_index = 15737, .adv_w = 221, .box_w = 14, .box_h = 14, .ofs_x = 0, .ofs_y = -2},
    {.bitmap_index = 15785, .adv_w = 221, .box_w = 14, .box_h = 14, .ofs_x = 0, .ofs_y = -2},
    {.bitmap_index = 15834, .adv_w = 221, .box_w = 14, .box_h = 14, .ofs_x = 0, .ofs_y = -2},
    {.bitmap_index = 15881, .adv_w = 221, .box_w = 14, .box_h = 14, .ofs_x = 0, .ofs_y = -1},
    {.bitmap_index = 15928, .adv_w = 221, .box_w = 14, .box_h = 14, .ofs_x = 0, .ofs_y = -2},
    {.bitmap_index = 15977, .adv_w = 221, .box_w = 16, .box_h = 15, .ofs_x = -1, .ofs_y = -2},
    {.bitmap_index = 16030, .adv_w = 221, .box_w = 14, .box_h = 14, .ofs_x = 0, .ofs_y = -2},
    {.bitmap_index = 16073, .adv_w = 221, .box_w = 13, .box_h = 14, .ofs_x = 0, .ofs_y = -2},
    {.bitmap_index = 16116, .adv_w = 221, .box_w = 14, .box_h = 13, .ofs_x = 0, .ofs_y = -1},
    {.bitmap_index = 16154, .adv_w = 221, .box_w = 12, .box_h = 15, .ofs_x = 1, .ofs_y = -2},
    {.bitmap_index = 16192, .adv_w = 221, .box_w = 14, .box_h = 14, .ofs_x = 0, .ofs_y = -2},
    {.bitmap_index = 16236, .adv_w = 221, .box_w = 14, .box_h = 14, .ofs_x = 0, .ofs_y = -2},
    {.bitmap_index = 16283, .adv_w = 221, .box_w = 14, .box_h = 15, .ofs_x = 0, .ofs_y = -2},
    {.bitmap_index = 16329, .adv_w = 221, .box_w = 12, .box_h = 14, .ofs_x = 1, .ofs_y = -2},
    {.bitmap_index = 16368, .adv_w = 221, .box_w = 14, .box_h = 14, .ofs_x = 0, .ofs_y = -2},
    {.bitmap_index = 16410, .adv_w = 221, .box_w = 14, .box_h = 14, .ofs_x = 0, .ofs_y = -2},
    {.bitmap_index = 16455, .adv_w = 221, .box_w = 14, .box_h = 15, .ofs_x = 0, .ofs_y = -2},
    {.bitmap_index = 16506, .adv_w = 221, .box_w = 12, .box_h = 13, .ofs_x = 1, .ofs_y = -1},
    {.bitmap_index = 16544, .adv_w = 221, .box_w = 14, .box_h = 14, .ofs_x = 0, .ofs_y = -2},
    {.bitmap_index = 16592, .adv_w = 221, .box_w = 14, .box_h = 14, .ofs_x = 0, .ofs_y = -2},
    {.bitmap_index = 16638, .adv_w = 221, .box_w = 14, .box_h = 15, .ofs_x = 0, .ofs_y = -2},
    {.bitmap_index = 16690, .adv_w = 221, .box_w = 14, .box_h = 15, .ofs_x = 0, .ofs_y = -2},
    {.bitmap_index = 16740, .adv_w = 221, .box_w = 14, .box_h = 13, .ofs_x = 0, .ofs_y = -1},
    {.bitmap_index = 16784, .adv_w = 221, .box_w = 14, .box_h = 14, .ofs_x = 0, .ofs_y = -2},
    {.bitmap_index = 16832, .adv_w = 221, .box_w = 14, .box_h = 14, .ofs_x = 0, .ofs_y = -2},
    {.bitmap_index = 16881, .adv_w = 221, .box_w = 14, .box_h = 13, .ofs_x = 0, .ofs_y = -1},
    {.bitmap_index = 16926, .adv_w = 221, .box_w = 14, .box_h = 15, .ofs_x = 0, .ofs_y = -2},
    {.bitmap_index = 16975, .adv_w = 221, .box_w = 14, .box_h = 14, .ofs_x = 0, .ofs_y = -2},
    {.bitmap_index = 17023, .adv_w = 221, .box_w = 14, .box_h = 13, .ofs_x = 0, .ofs_y = -1},
    {.bitmap_index = 17068, .adv_w = 221, .box_w = 14, .box_h = 14, .ofs_x = 0, .ofs_y = -2},
    {.bitmap_index = 17115, .adv_w = 221, .box_w = 14, .box_h = 13, .ofs_x = 0, .ofs_y = -1},
    {.bitmap_index = 17161, .adv_w = 221, .box_w = 14, .box_h = 14, .ofs_x = 0, .ofs_y = -2},
    {.bitmap_index = 17209, .adv_w = 221, .box_w = 14, .box_h = 14, .ofs_x = 0, .ofs_y = -2},
    {.bitmap_index = 17257, .adv_w = 221, .box_w = 14, .box_h = 14, .ofs_x = 0, .ofs_y = -2},
    {.bitmap_index = 17304, .adv_w = 221, .box_w = 14, .box_h = 14, .ofs_x = 0, .ofs_y = -1},
    {.bitmap_index = 17353, .adv_w = 221, .box_w = 13, .box_h = 15, .ofs_x = 0, .ofs_y = -2},
    {.bitmap_index = 17396, .adv_w = 221, .box_w = 14, .box_h = 14, .ofs_x = 0, .ofs_y = -2},
    {.bitmap_index = 17439, .adv_w = 221, .box_w = 14, .box_h = 14, .ofs_x = 0, .ofs_y = -2},
    {.bitmap_index = 17488, .adv_w = 221, .box_w = 12, .box_h = 14, .ofs_x = 1, .ofs_y = -2},
    {.bitmap_index = 17530, .adv_w = 221, .box_w = 14, .box_h = 13, .ofs_x = 0, .ofs_y = -1},
    {.bitmap_index = 17575, .adv_w = 221, .box_w = 14, .box_h = 14, .ofs_x = 0, .ofs_y = -2},
    {.bitmap_index = 17624, .adv_w = 221, .box_w = 14, .box_h = 14, .ofs_x = 0, .ofs_y = -2},
    {.bitmap_index = 17672, .adv_w = 221, .box_w = 12, .box_h = 14, .ofs_x = 1, .ofs_y = -2},
    {.bitmap_index = 17709, .adv_w = 221, .box_w = 13, .box_h = 13, .ofs_x = 0, .ofs_y = -1},
    {.bitmap_index = 17745, .adv_w = 221, .box_w = 13, .box_h = 13, .ofs_x = 0, .ofs_y = -1},
    {.bitmap_index = 17782, .adv_w = 221, .box_w = 14, .box_h = 14, .ofs_x = 0, .ofs_y = -2},
    {.bitmap_index = 17825, .adv_w = 221, .box_w = 14, .box_h = 15, .ofs_x = 0, .ofs_y = -2},
    {.bitmap_index = 17874, .adv_w = 221, .box_w = 13, .box_h = 14, .ofs_x = 0, .ofs_y = -2},
    {.bitmap_index = 17915, .adv_w = 221, .box_w = 14, .box_h = 15, .ofs_x = 0, .ofs_y = -2},
    {.bitmap_index = 17960, .adv_w = 221, .box_w = 14, .box_h = 14, .ofs_x = 0, .ofs_y = -1},
    {.bitmap_index = 18007, .adv_w = 221, .box_w = 13, .box_h = 14, .ofs_x = 0, .ofs_y = -1},
    {.bitmap_index = 18049, .adv_w = 221, .box_w = 14, .box_h = 14, .ofs_x = 0, .ofs_y = -2},
    {.bitmap_index = 18094, .adv_w = 221, .box_w = 14, .box_h = 14, .ofs_x = 0, .ofs_y = -1},
    {.bitmap_index = 18142, .adv_w = 221, .box_w = 14, .box_h = 14, .ofs_x = 0, .ofs_y = -1},
    {.bitmap_index = 18186, .adv_w = 221, .box_w = 14, .box_h = 14, .ofs_x = 0, .ofs_y = -2},
    {.bitmap_index = 18230, .adv_w = 221, .box_w = 14, .box_h = 14, .ofs_x = 0, .ofs_y = -1},
    {.bitmap_index = 18274, .adv_w = 221, .box_w = 14, .box_h = 14, .ofs_x = 0, .ofs_y = -2},
    {.bitmap_index = 18323, .adv_w = 221, .box_w = 14, .box_h = 14, .ofs_x = 0, .ofs_y = -2},
    {.bitmap_index = 18368, .adv_w = 221, .box_w = 14, .box_h = 14, .ofs_x = 0, .ofs_y = -2},
    {.bitmap_index = 18415, .adv_w = 221, .box_w = 14, .box_h = 14, .ofs_x = 0, .ofs_y = -1},
    {.bitmap_index = 18462, .adv_w = 221, .box_w = 14, .box_h = 14, .ofs_x = 0, .ofs_y = -2},
    {.bitmap_index = 18507, .adv_w = 221, .box_w = 14, .box_h = 14, .ofs_x = 0, .ofs_y = -1},
    {.bitmap_index = 18554, .adv_w = 221, .box_w = 12, .box_h = 13, .ofs_x = 1, .ofs_y = -1},
    {.bitmap_index = 18592, .adv_w = 221, .box_w = 14, .box_h = 13, .ofs_x = 0, .ofs_y = -1},
    {.bitmap_index = 18637, .adv_w = 221, .box_w = 13, .box_h = 14, .ofs_x = 0, .ofs_y = -2},
    {.bitmap_index = 18681, .adv_w = 221, .box_w = 14, .box_h = 15, .ofs_x = 0, .ofs_y = -2},
    {.bitmap_index = 18731, .adv_w = 221, .box_w = 14, .box_h = 15, .ofs_x = 0, .ofs_y = -2},
    {.bitmap_index = 18776, .adv_w = 221, .box_w = 14, .box_h = 15, .ofs_x = 0, .ofs_y = -2},
    {.bitmap_index = 18824, .adv_w = 221, .box_w = 14, .box_h = 15, .ofs_x = 0, .ofs_y = -2},
    {.bitmap_index = 18874, .adv_w = 221, .box_w = 14, .box_h = 15, .ofs_x = 0, .ofs_y = -2},
    {.bitmap_index = 18921, .adv_w = 221, .box_w = 13, .box_h = 15, .ofs_x = 0, .ofs_y = -2},
    {.bitmap_index = 18970, .adv_w = 221, .box_w = 14, .box_h = 14, .ofs_x = 0, .ofs_y = -1},
    {.bitmap_index = 19019, .adv_w = 221, .box_w = 15, .box_h = 14, .ofs_x = -1, .ofs_y = -1},
    {.bitmap_index = 19068, .adv_w = 221, .box_w = 13, .box_h = 13, .ofs_x = 0, .ofs_y = -1},
    {.bitmap_index = 19111, .adv_w = 221, .box_w = 14, .box_h = 14, .ofs_x = 0, .ofs_y = -1},
    {.bitmap_index = 19160, .adv_w = 221, .box_w = 14, .box_h = 15, .ofs_x = 0, .ofs_y = -2},
    {.bitmap_index = 19209, .adv_w = 221, .box_w = 13, .box_h = 15, .ofs_x = 0, .ofs_y = -2},
    {.bitmap_index = 19250, .adv_w = 221, .box_w = 14, .box_h = 14, .ofs_x = 0, .ofs_y = -1},
    {.bitmap_index = 19296, .adv_w = 221, .box_w = 13, .box_h = 14, .ofs_x = 0, .ofs_y = -1},
    {.bitmap_index = 19341, .adv_w = 221, .box_w = 14, .box_h = 14, .ofs_x = 0, .ofs_y = -1},
    {.bitmap_index = 19388, .adv_w = 221, .box_w = 14, .box_h = 13, .ofs_x = 0, .ofs_y = -1},
    {.bitmap_index = 19428, .adv_w = 221, .box_w = 13, .box_h = 14, .ofs_x = 0, .ofs_y = -1},
    {.bitmap_index = 19471, .adv_w = 221, .box_w = 14, .box_h = 14, .ofs_x = 0, .ofs_y = -2},
    {.bitmap_index = 19519, .adv_w = 221, .box_w = 14, .box_h = 14, .ofs_x = 0, .ofs_y = -2},
    {.bitmap_index = 19567, .adv_w = 221, .box_w = 14, .box_h = 15, .ofs_x = 0, .ofs_y = -2},
    {.bitmap_index = 19618, .adv_w = 221, .box_w = 13, .box_h = 15, .ofs_x = 0, .ofs_y = -2},
    {.bitmap_index = 19659, .adv_w = 221, .box_w = 14, .box_h = 13, .ofs_x = 0, .ofs_y = -1},
    {.bitmap_index = 19704, .adv_w = 221, .box_w = 14, .box_h = 13, .ofs_x = 0, .ofs_y = -1},
    {.bitmap_index = 19749, .adv_w = 221, .box_w = 14, .box_h = 14, .ofs_x = 0, .ofs_y = -1},
    {.bitmap_index = 19794, .adv_w = 221, .box_w = 14, .box_h = 13, .ofs_x = 0, .ofs_y = -1},
    {.bitmap_index = 19837, .adv_w = 221, .box_w = 14, .box_h = 14, .ofs_x = 0, .ofs_y = -2},
    {.bitmap_index = 19884, .adv_w = 221, .box_w = 14, .box_h = 15, .ofs_x = 0, .ofs_y = -2},
    {.bitmap_index = 19934, .adv_w = 221, .box_w = 14, .box_h = 13, .ofs_x = 0, .ofs_y = -1},
    {.bitmap_index = 19978, .adv_w = 221, .box_w = 14, .box_h = 13, .ofs_x = 0, .ofs_y = -1},
    {.bitmap_index = 20020, .adv_w = 221, .box_w = 14, .box_h = 15, .ofs_x = 0, .ofs_y = -2},
    {.bitmap_index = 20070, .adv_w = 221, .box_w = 14, .box_h = 13, .ofs_x = 0, .ofs_y = -1},
    {.bitmap_index = 20114, .adv_w = 221, .box_w = 14, .box_h = 13, .ofs_x = 0, .ofs_y = -1},
    {.bitmap_index = 20159, .adv_w = 221, .box_w = 13, .box_h = 14, .ofs_x = 0, .ofs_y = -1},
    {.bitmap_index = 20203, .adv_w = 221, .box_w = 14, .box_h = 14, .ofs_x = 0, .ofs_y = -2},
    {.bitmap_index = 20251, .adv_w = 221, .box_w = 14, .box_h = 14, .ofs_x = 0, .ofs_y = -2},
    {.bitmap_index = 20298, .adv_w = 221, .box_w = 14, .box_h = 15, .ofs_x = 0, .ofs_y = -2},
    {.bitmap_index = 20350, .adv_w = 221, .box_w = 14, .box_h = 14, .ofs_x = 0, .ofs_y = -2},
    {.bitmap_index = 20398, .adv_w = 221, .box_w = 14, .box_h = 15, .ofs_x = 0, .ofs_y = -2},
    {.bitmap_index = 20447, .adv_w = 221, .box_w = 14, .box_h = 13, .ofs_x = 0, .ofs_y = -1},
    {.bitmap_index = 20491, .adv_w = 221, .box_w = 14, .box_h = 15, .ofs_x = 0, .ofs_y = -2},
    {.bitmap_index = 20540, .adv_w = 221, .box_w = 14, .box_h = 15, .ofs_x = 0, .ofs_y = -2},
    {.bitmap_index = 20586, .adv_w = 221, .box_w = 13, .box_h = 14, .ofs_x = 0, .ofs_y = -2},
    {.bitmap_index = 20625, .adv_w = 221, .box_w = 14, .box_h = 15, .ofs_x = 0, .ofs_y = -2},
    {.bitmap_index = 20668, .adv_w = 221, .box_w = 14, .box_h = 14, .ofs_x = 0, .ofs_y = -1},
    {.bitmap_index = 20714, .adv_w = 221, .box_w = 14, .box_h = 15, .ofs_x = 0, .ofs_y = -2},
    {.bitmap_index = 20763, .adv_w = 221, .box_w = 14, .box_h = 13, .ofs_x = 0, .ofs_y = -1},
    {.bitmap_index = 20809, .adv_w = 221, .box_w = 13, .box_h = 13, .ofs_x = 0, .ofs_y = -1},
    {.bitmap_index = 20848, .adv_w = 221, .box_w = 14, .box_h = 13, .ofs_x = 0, .ofs_y = -1},
    {.bitmap_index = 20895, .adv_w = 221, .box_w = 14, .box_h = 15, .ofs_x = 0, .ofs_y = -2},
    {.bitmap_index = 20943, .adv_w = 221, .box_w = 14, .box_h = 15, .ofs_x = 0, .ofs_y = -2},
    {.bitmap_index = 20994, .adv_w = 221, .box_w = 14, .box_h = 15, .ofs_x = 0, .ofs_y = -2},
    {.bitmap_index = 21045, .adv_w = 221, .box_w = 14, .box_h = 14, .ofs_x = 0, .ofs_y = -2},
    {.bitmap_index = 21090, .adv_w = 221, .box_w = 13, .box_h = 14, .ofs_x = 0, .ofs_y = -1},
    {.bitmap_index = 21136, .adv_w = 221, .box_w = 14, .box_h = 13, .ofs_x = 0, .ofs_y = -1},
    {.bitmap_index = 21181, .adv_w = 221, .box_w = 14, .box_h = 14, .ofs_x = 0, .ofs_y = -2},
    {.bitmap_index = 21227, .adv_w = 221, .box_w = 14, .box_h = 14, .ofs_x = 0, .ofs_y = -2},
    {.bitmap_index = 21275, .adv_w = 221, .box_w = 14, .box_h = 15, .ofs_x = 0, .ofs_y = -2},
    {.bitmap_index = 21320, .adv_w = 221, .box_w = 13, .box_h = 14, .ofs_x = 0, .ofs_y = -2},
    {.bitmap_index = 21362, .adv_w = 221, .box_w = 14, .box_h = 14, .ofs_x = 0, .ofs_y = -2},
    {.bitmap_index = 21404, .adv_w = 221, .box_w = 13, .box_h = 14, .ofs_x = 0, .ofs_y = -1},
    {.bitmap_index = 21447, .adv_w = 221, .box_w = 14, .box_h = 14, .ofs_x = 0, .ofs_y = -1},
    {.bitmap_index = 21497, .adv_w = 221, .box_w = 14, .box_h = 14, .ofs_x = 0, .ofs_y = -2},
    {.bitmap_index = 21546, .adv_w = 221, .box_w = 14, .box_h = 15, .ofs_x = 0, .ofs_y = -2},
    {.bitmap_index = 21597, .adv_w = 221, .box_w = 12, .box_h = 13, .ofs_x = 1, .ofs_y = -1},
    {.bitmap_index = 21631, .adv_w = 221, .box_w = 14, .box_h = 13, .ofs_x = 0, .ofs_y = -1},
    {.bitmap_index = 21676, .adv_w = 221, .box_w = 13, .box_h = 15, .ofs_x = 0, .ofs_y = -2},
    {.bitmap_index = 21720, .adv_w = 221, .box_w = 13, .box_h = 13, .ofs_x = 0, .ofs_y = -1},
    {.bitmap_index = 21758, .adv_w = 221, .box_w = 13, .box_h = 14, .ofs_x = 0, .ofs_y = -2},
    {.bitmap_index = 21800, .adv_w = 221, .box_w = 14, .box_h = 15, .ofs_x = 0, .ofs_y = -2},
    {.bitmap_index = 21849, .adv_w = 221, .box_w = 4, .box_h = 13, .ofs_x = 2, .ofs_y = -1},
    {.bitmap_index = 21864, .adv_w = 221, .box_w = 5, .box_h = 13, .ofs_x = 7, .ofs_y = -2},
    {.bitmap_index = 21880, .adv_w = 221, .box_w = 6, .box_h = 13, .ofs_x = 1, .ofs_y = -2},
    {.bitmap_index = 21898, .adv_w = 221, .box_w = 4, .box_h = 5, .ofs_x = 1, .ofs_y = -2},
    {.bitmap_index = 21903, .adv_w = 221, .box_w = 4, .box_h = 8, .ofs_x = 1, .ofs_y = -1},
    {.bitmap_index = 21911, .adv_w = 221, .box_w = 9, .box_h = 13, .ofs_x = 0, .ofs_y = -1},
    {.bitmap_index = 21937, .adv_w = 221, .box_w = 10, .box_h = 4, .ofs_x = 2, .ofs_y = 2}
};

/*---------------------
 *  CHARACTER MAPPING
 *--------------------*/

static const uint16_t unicode_list_1[] = {
    0x0, 0x1f6f, 0x2514, 0x265c, 0x2f4a, 0x2f4b, 0x4d49, 0x4d4c,
    0x4d52, 0x4d53, 0x4d54, 0x4d56, 0x4d5c, 0x4d5f, 0x4d73, 0x4d76,
    0x4d83, 0x4d84, 0x4d92, 0x4da8, 0x4da9, 0x4daf, 0x4dcf, 0x4dd4,
    0x4dd5, 0x4dd7, 0x4de4, 0x4df7, 0x4e13, 0x4e17, 0x4e2c, 0x4e2e,
    0x4e44, 0x4e46, 0x4e5a, 0x4e63, 0x4e8f, 0x4e98, 0x4ea5, 0x4ea9,
    0x4f26, 0x4f2a, 0x4f5b, 0x4f62, 0x4f85, 0x4fc0, 0x5088, 0x508c,
    0x5091, 0x50ae, 0x50b1, 0x50bc, 0x50c4, 0x50ce, 0x50d6, 0x50e2,
    0x50fb, 0x510f, 0x5136, 0x5143, 0x514f, 0x515b, 0x5162, 0x5164,
    0x5166, 0x5169, 0x5174, 0x5179, 0x5180, 0x5184, 0x5196, 0x51e4,
    0x51e7, 0x51e8, 0x51e9, 0x51ea, 0x51f1, 0x51f2, 0x51fb, 0x51fc,
    0x521b, 0x525f, 0x5283, 0x528a, 0x5291, 0x529e, 0x52aa, 0x52cf,
    0x52e8, 0x5304, 0x5311, 0x531a, 0x531f, 0x532e, 0x532f, 0x5337,
    0x5338, 0x5339, 0x533b, 0x5340, 0x534c, 0x534d, 0x5351, 0x5356,
    0x5357, 0x535a, 0x5360, 0x5370, 0x5378, 0x5381, 0x5389, 0x53ab,
    0x53b1, 0x53c5, 0x53d5, 0x53e3, 0x5416, 0x542f, 0x5433, 0x546d,
    0x54af, 0x55a5, 0x55b1, 0x5627, 0x5629, 0x5643, 0x5647, 0x5671,
    0x5679, 0x5683, 0x56a3, 0x56d4, 0x57b4, 0x5850, 0x5856, 0x585f,
    0x5863, 0x5870, 0x5872, 0x5873, 0x587a, 0x587d, 0x5898, 0x58c6,
    0x5914, 0x5a99, 0x5aa0, 0x5aa1, 0x5aaf, 0x5ad0, 0x5ad2, 0x5ad5,
    0x5ae2, 0x5ae3, 0x5ae7, 0x5aff, 0x5b02, 0x5b0f, 0x5b4f, 0x5b58,
    0x5b7a, 0x5b8b, 0x5b98, 0x5b9e, 0x5c01, 0x5c76, 0x5d32, 0x5d3b,
    0x5d51, 0x5d61, 0x5d81, 0x5d9e, 0x5dbd, 0x5dd3, 0x5dd8, 0x5def,
    0x5e43, 0x5e49, 0x5e69, 0x5e9e, 0x5eca, 0x5ece, 0x5ed1, 0x5ee0,
    0x5f0e, 0x5f21, 0x5f34, 0x5f70, 0x5f84, 0x5fb8, 0x600e, 0x6058,
    0x6068, 0x60ab, 0x610b, 0x6159, 0x615a, 0x6161, 0x6188, 0x6194,
    0x6196, 0x619c, 0x61d3, 0x620f, 0x6212, 0x6228, 0x6232, 0x6245,
    0x6248, 0x624a, 0x624b, 0x6250, 0x6252, 0x6298, 0x62b7, 0x62ee,
    0x62f1, 0x6319, 0x6367, 0x6416, 0x642f, 0x647f, 0x6487, 0x6488,
    0x6491, 0x64ac, 0x64b9, 0x64bd, 0x64f6, 0x64f9, 0x6529, 0x652e,
    0x6531, 0x6532, 0x653f, 0x6557, 0x6578, 0x6587, 0x65a3, 0x663d,
    0x6651, 0x6652, 0x6656, 0x6660, 0x6673, 0x6675, 0x6683, 0x66a8,
    0x66ae, 0x66ca, 0x66cd, 0x66e5, 0x672e, 0x675a, 0x676a, 0x6785,
    0x6809, 0x681b, 0x68cb, 0x696a, 0x6a6a, 0x6aac, 0x6aae, 0x6b18,
    0x6b1e, 0x6b24, 0x6b5d, 0x6b7d, 0x6b90, 0x6ba9, 0x6c02, 0x6c04,
    0x6c1e, 0x6c2b, 0x6c31, 0x6c39, 0x6c60, 0x6c64, 0x6c84, 0x6cd1,
    0x6cf1, 0x6d3a, 0x6d44, 0x6d4e, 0x6d81, 0x6e2a, 0x6e4b, 0x6e5d,
    0x6e7a, 0x7002, 0x7036, 0x707f, 0x7186, 0x71c2, 0x72d0, 0x72f9,
    0x734f, 0x7468, 0x7471, 0x747a, 0x747e, 0x7495, 0x75cd, 0x7654,
    0x7668, 0x7669, 0x7685, 0x7689, 0x76a4, 0x76aa, 0x772e, 0x7732,
    0x7736, 0x774a, 0x775d, 0x777d, 0x77b7, 0x7883, 0x78a7, 0x7904,
    0x791a, 0x7932, 0x7938, 0x7939, 0x7954, 0x7956, 0x797c, 0x79c3,
    0x79e0, 0x7a14, 0x7a29, 0x7a5d, 0x7a75, 0x7a92, 0x7ae0, 0x7aea,
    0x7b10, 0x7c07, 0x7c44, 0x7c70, 0x7df3, 0x7dfb, 0x7e08, 0x7e0c,
    0x7e0d, 0x7e0f, 0x7e18, 0x7e1c, 0x7e25, 0x7e28, 0x7e30, 0x7e33,
    0x7e36, 0x7e5c, 0x7e72, 0x7e9a, 0x7eb7, 0x7f4c, 0x7f9d, 0x8015,
    0x8041, 0x8046, 0x805a, 0x8133, 0x81cb, 0x822f, 0x823a, 0x8386,
    0x8795, 0x87b1, 0x87f4, 0x88ca, 0x8912, 0x892c, 0x8aea, 0x8aed,
    0x8af2, 0x8af7, 0x8af9, 0x8b03, 0x8b07, 0x8b0a, 0x8b0f, 0x8b16,
    0x8b1e, 0x8b26, 0x8b2e, 0x8b2f, 0x8b36, 0x8b3e, 0x8b40, 0x8b44,
    0x8b4c, 0x8ba3, 0x8c6e, 0x8c6f, 0x8ca7, 0x8cb9, 0x8cc0, 0x8cce,
    0x8cd3, 0x8cfc, 0x8d26, 0x8d38, 0x8ec6, 0x8edc, 0x8ee4, 0x8f07,
    0x8f17, 0x8f19, 0x8f1a, 0x8f1d, 0x8f24, 0x8f25, 0x8f27, 0x8f49,
    0x8f52, 0x8f63, 0x8f68, 0x8f81, 0x8f9c, 0x8fb1, 0x9031, 0x9046,
    0x9096, 0x90db, 0x9115, 0x9116, 0x9118, 0x93e8, 0x940c, 0x9447,
    0x94c8, 0x9536, 0x953d, 0x954e, 0x957c, 0x957e, 0x9599, 0x95ad,
    0x95b3, 0x9607, 0x96a9, 0x96ab, 0x973c, 0x97be, 0x97c7, 0x97e1,
    0x97e6, 0x9827, 0x98b6, 0x98e2, 0x99b5, 0x9a21, 0x9d76, 0xfe4a,
    0xfe51, 0xfe52, 0xfe55, 0xfe63, 0xfe68, 0xfea7
};

/*Collect the unicode lists and glyph_id offsets*/
static const lv_font_fmt_txt_cmap_t cmaps[] =
{
    {
        .range_start = 32, .range_length = 95, .glyph_id_start = 1,
        .unicode_list = NULL, .glyph_id_ofs_list = NULL, .list_length = 0, .type = LV_FONT_FMT_TXT_CMAP_FORMAT0_TINY
    },
    {
        .range_start = 183, .range_length = 65192, .glyph_id_start = 96,
        .unicode_list = unicode_list_1, .glyph_id_ofs_list = NULL, .list_length = 462, .type = LV_FONT_FMT_TXT_CMAP_SPARSE_TINY
    }
};



/*--------------------
 *  ALL CUSTOM DATA
 *--------------------*/

#if LVGL_VERSION_MAJOR == 8
/*Store all the custom data of the font*/
static  lv_font_fmt_txt_glyph_cache_t cache;
#endif

#if LVGL_VERSION_MAJOR >= 8
static const lv_font_fmt_txt_dsc_t font_dsc = {
#else
static lv_font_fmt_txt_dsc_t font_dsc = {
#endif
    .glyph_bitmap = glyph_bitmap,
    .glyph_dsc = glyph_dsc,
    .cmaps = cmaps,
    .kern_dsc = NULL,
    .kern_scale = 0,
    .cmap_num = 2,
    .bpp = 2,
    .kern_classes = 0,
    .bitmap_format = 2,
#if LVGL_VERSION_MAJOR == 8
    .cache = &cache
#endif
};



/*-----------------
 *  PUBLIC FONT
 *----------------*/

/*Initialize a public general font descriptor*/
#if LVGL_VERSION_MAJOR >= 8
const lv_font_t study_font = {
#else
lv_font_t study_font = {
#endif
    .get_glyph_dsc = lv_font_get_glyph_dsc_fmt_txt,    /*Function pointer to get glyph's data*/
    .get_glyph_bitmap = lv_font_get_bitmap_fmt_txt,    /*Function pointer to get glyph's bitmap*/
    .line_height = 17,          /*The maximum line height required by the font*/
    .base_line = 3,             /*Baseline measured from the bottom of the line*/
#if !(LVGL_VERSION_MAJOR == 6 && LVGL_VERSION_MINOR == 0)
    .subpx = LV_FONT_SUBPX_NONE,
#endif
#if LV_VERSION_CHECK(7, 4, 0) || LVGL_VERSION_MAJOR >= 8
    .underline_position = -1,
    .underline_thickness = 1,
#endif
    .dsc = &font_dsc,          /*The custom font data. Will be accessed by `get_glyph_bitmap/dsc` */
#if LV_VERSION_CHECK(8, 2, 0) || LVGL_VERSION_MAJOR >= 9
    .fallback = NULL,
#endif
    .user_data = NULL,
};



#endif /*#if STUDY_FONT*/

